Hb,vw,theta0,tau_n,mass_on_tau,t_trig,kappa
0.001,0.3,0.2617993877991494,1000.0,1000.0,1003.0344000001007,0.9103200000302194
0.0013738237958832624,0.3,0.2617993877991494,727.8953843983153,727.8953843983153,730.929784398416,0.9103200000302194
0.0018873918221350976,0.3,0.2617993877991494,529.8316906283708,529.8316906283708,532.8916906284724,0.9180000000304744
0.002592943797404667,0.3,0.2617993877991494,385.66204211634727,385.66204211634727,388.72204211644885,0.9180000000304744
0.003562247890262444,0.3,0.2617993877991494,280.72162039411756,280.72162039411756,283.80722039422,0.9256800000307294
0.004893900918477494,0.3,0.2617993877991494,204.33597178569417,204.33597178569417,207.44717178568692,0.9333599999978247
0.006723357536499335,0.3,0.2617993877991494,148.7352107293512,148.7352107293512,151.87201072934388,0.9410399999978067
0.009236708571873866,0.3,0.2617993877991494,108.2636733874054,108.2636733874054,111.45087338739798,0.9561599999977716
0.01268961003167922,0.3,0.2617993877991494,78.80462815669912,78.80462815669912,82.04302815669158,0.9715199999977358
0.017433288221999882,0.3,0.2617993877991494,57.36152510448679,57.36152510448679,60.65192510447912,0.9871199999976994
0.02395026619987486,0.3,0.2617993877991494,41.753189365604,41.753189365604,45.120389365596154,1.0101599999976456
0.03290344562312668,0.3,0.2617993877991494,30.391953823131978,30.391953823131978,33.83595382313109,1.0331999999997343
0.04520353656360243,0.3,0.2617993877991494,22.12216291070449,22.12216291070449,25.642162910711917,1.0560000000022285
0.06210169418915616,0.3,0.2617993877991494,16.102620275609393,16.102620275609393,19.649020275616877,1.063920000002245
0.08531678524172806,0.3,0.2617993877991494,11.721022975334805,11.721022975334805,15.267422975334414,1.0639199999998827
0.11721022975334805,0.3,0.2617993877991494,8.531678524172806,8.531678524172806,12.026078524172421,1.0483199999998845
0.16102620275609392,0.3,0.2617993877991494,6.2101694189156165,6.2101694189156165,9.575769418915247,1.009679999999889
0.2212216291070448,0.3,0.2617993877991494,4.520353656360245,4.520353656360245,7.706753656359894,0.9559199999998946
0.3039195382313198,0.3,0.2617993877991494,3.2903445623126677,3.2903445623126677,6.247944562312342,0.8872799999999023
0.41753189365604004,0.3,0.2617993877991494,2.395026619987486,2.395026619987486,5.119026619987186,0.81719999999991
0.5736152510448681,0.3,0.2617993877991494,1.7433288221999874,1.7433288221999874,4.211328822199716,0.7403999999999187
0.7880462815669912,0.3,0.2617993877991494,1.2689610031679222,1.2689610031679222,3.4833610031676785,0.6643199999999269
1.0826367338740541,0.3,0.2617993877991494,0.9236708571873865,0.9236708571873865,2.902070857187179,0.5935199999999378
1.4873521072935119,0.3,0.2617993877991494,0.6723357536499335,0.6723357536499335,2.4211357536497866,0.5246399999999559
2.0433597178569416,0.3,0.2617993877991494,0.48939009184774945,0.48939009184774945,2.0285900918476507,0.46175999999997036
2.8072162039411754,0.3,0.2617993877991494,0.35622478902624444,0.35622478902624444,1.7018247890261855,0.40367999999998233
3.856620421163472,0.3,0.2617993877991494,0.2592943797404667,0.2592943797404667,1.43289437974044,0.352079999999992
5.298316906283707,0.3,0.2617993877991494,0.18873918221350977,0.18873918221350977,1.207939182213508,0.3057599999999994
7.278953843983146,0.3,0.2617993877991494,0.1373823795883264,0.1373823795883264,1.018982379588345,0.26448000000000554
10.0,0.3,0.2617993877991494,0.1,0.1,0.8608000000000166,0.22824000000000497
0.001,0.3,0.7853981633974483,1000.0,1000.0,1003.3416000001109,1.0024800000332788
0.0013738237958832624,0.3,0.7853981633974483,727.8953843983153,727.8953843983153,731.2369843984262,1.0024800000332788
0.0018873918221350976,0.3,0.7853981633974483,529.8316906283708,529.8316906283708,533.1732906284817,1.0024800000332788
0.002592943797404667,0.3,0.7853981633974483,385.66204211634727,385.66204211634727,389.02924211645905,1.0101600000335338
0.003562247890262444,0.3,0.7853981633974483,280.72162039411756,280.72162039411756,284.1144203942302,1.0178400000337888
0.004893900918477494,0.3,0.7853981633974483,204.33597178569417,204.33597178569417,207.7535717856862,1.0252799999976105
0.006723357536499335,0.3,0.7853981633974483,148.7352107293512,148.7352107293512,152.17921072934317,1.033199999997592
0.009236708571873866,0.3,0.7853981633974483,108.2636733874054,108.2636733874054,111.73327338739732,1.0408799999975742
0.01268961003167922,0.3,0.7853981633974483,78.80462815669912,78.80462815669912,82.32542815669092,1.0562399999975383
0.017433288221999882,0.3,0.7853981633974483,57.36152510448679,57.36152510448679,60.958325104478405,1.0790399999974851
0.02395026619987486,0.3,0.7853981633974483,41.753189365604,41.753189365604,45.4019893655955,1.0946399999974488
0.03290344562312668,0.3,0.7853981633974483,30.391953823131978,30.391953823131978,34.11675382313044,1.117439999999538
0.04520353656360243,0.3,0.7853981633974483,22.12216291070449,22.12216291070449,25.873362910712405,1.125360000002375
0.06210169418915616,0.3,0.7853981633974483,16.102620275609393,16.102620275609393,19.879420275617363,1.133040000002391
0.08531678524172806,0.3,0.7853981633974483,11.721022975334805,11.721022975334805,15.471422975334391,1.125119999999876
0.11721022975334805,0.3,0.7853981633974483,8.531678524172806,8.531678524172806,12.179678524172404,1.0943999999998795
0.16102620275609392,0.3,0.7853981633974483,6.2101694189156165,6.2101694189156165,9.704569418915233,1.0483199999998847
0.2212216291070448,0.3,0.7853981633974483,4.520353656360245,4.520353656360245,7.809953656359883,0.9868799999998913
0.3039195382313198,0.3,0.7853981633974483,3.2903445623126677,3.2903445623126677,6.347944562312331,0.917279999999899
0.41753189365604004,0.3,0.7853981633974483,2.395026619987486,2.395026619987486,5.195826619987177,0.8402399999999074
0.5736152510448681,0.3,0.7853981633974483,1.7433288221999874,1.7433288221999874,4.284928822199708,0.7624799999999162
0.7880462815669912,0.3,0.7853981633974483,1.2689610031679222,1.2689610031679222,3.550561003167671,0.6844799999999246
1.0826367338740541,0.3,0.7853981633974483,0.9236708571873865,0.9236708571873865,2.950070857187174,0.6079199999999362
1.4873521072935119,0.3,0.7853981633974483,0.6723357536499335,0.6723357536499335,2.461935753649782,0.5368799999999546
2.0433597178569416,0.3,0.7853981633974483,0.48939009184774945,0.48939009184774945,2.060590091847647,0.4713599999999693
2.8072162039411754,0.3,0.7853981633974483,0.35622478902624444,0.35622478902624444,1.7306247890261823,0.41231999999998137
3.856620421163472,0.3,0.7853981633974483,0.2592943797404667,0.2592943797404667,1.4576943797404374,0.3595199999999912
5.298316906283707,0.3,0.7853981633974483,0.18873918221350977,0.18873918221350977,1.2287391822135056,0.3119999999999987
7.278953843983146,0.3,0.7853981633974483,0.1373823795883264,0.1373823795883264,1.037382379588343,0.27000000000000496
10.0,0.3,0.7853981633974483,0.1,0.1,0.876000000000017,0.2328000000000051
0.001,0.3,1.308996938995747,1000.0,1000.0,1004.0328000001339,1.2098400000401626
0.0013738237958832624,0.3,1.308996938995747,727.8953843983153,727.8953843983153,731.9281843984492,1.2098400000401626
0.0018873918221350976,0.3,1.308996938995747,529.8316906283708,529.8316906283708,533.8644906285047,1.2098400000401626
0.002592943797404667,0.3,1.308996938995747,385.66204211634727,385.66204211634727,389.720442116482,1.2175200000404174
0.003562247890262444,0.3,1.308996938995747,280.72162039411756,280.72162039411756,284.7800203942523,1.2175200000404174
0.004893900918477494,0.3,1.308996938995747,204.33597178569417,204.33597178569417,208.41997178568465,1.2251999999971446
0.006723357536499335,0.3,1.308996938995747,148.7352107293512,148.7352107293512,152.84481072934162,1.2328799999971267
0.009236708571873866,0.3,1.308996938995747,108.2636733874054,108.2636733874054,112.39887338739577,1.2405599999971086
0.01268961003167922,0.3,1.308996938995747,78.80462815669912,78.80462815669912,82.99102815668937,1.255919999997073
0.017433288221999882,0.3,1.308996938995747,57.36152510448679,57.36152510448679,61.57352510447697,1.263599999997055
0.02395026619987486,0.3,1.308996938995747,41.753189365604,41.753189365604,45.99158936559412,1.2715199999970366
0.03290344562312668,0.3,1.308996938995747,30.391953823131978,30.391953823131978,34.65515382312918,1.2789599999991614
0.04520353656360243,0.3,1.308996938995747,22.12216291070449,22.12216291070449,26.385362910713486,1.278960000002699
0.06210169418915616,0.3,1.308996938995747,16.102620275609393,16.102620275609393,20.31462027561828,1.2636000000026666
0.08531678524172806,0.3,1.308996938995747,11.721022975334805,11.721022975334805,15.830622975334352,1.232879999999864
0.11721022975334805,0.3,1.308996938995747,8.531678524172806,8.531678524172806,12.48767852417237,1.1867999999998693
0.16102620275609392,0.3,1.308996938995747,6.2101694189156165,6.2101694189156165,9.960569418915204,1.1251199999998762
0.2212216291070448,0.3,1.308996938995747,4.520353656360245,4.520353656360245,8.037953656359859,1.055279999999884
0.3039195382313198,0.3,1.308996938995747,3.2903445623126677,3.2903445623126677,6.527144562312311,0.971039999999893
0.41753189365604004,0.3,1.308996938995747,2.395026619987486,2.395026619987486,5.348626619987161,0.8860799999999024
0.5736152510448681,0.3,1.308996938995747,1.7433288221999874,1.7433288221999874,4.412128822199694,0.8006399999999121
0.7880462815669912,0.3,1.308996938995747,1.2689610031679222,1.2689610031679222,3.6553610031676596,0.7159199999999212
1.0826367338740541,0.3,1.308996938995747,0.9236708571873865,0.9236708571873865,3.038070857187164,0.6343199999999333
1.4873521072935119,0.3,1.308996938995747,0.6723357536499335,0.6723357536499335,2.5419357536497733,0.560879999999952
2.0433597178569416,0.3,1.308996938995747,0.48939009184774945,0.48939009184774945,2.1301900918476395,0.49223999999996704
2.8072162039411754,0.3,1.308996938995747,0.35622478902624444,0.35622478902624444,1.7906247890261757,0.4303199999999794
3.856620421163472,0.3,1.308996938995747,0.2592943797404667,0.2592943797404667,1.5080943797404318,0.3746399999999895
5.298316906283707,0.3,1.308996938995747,0.18873918221350977,0.18873918221350977,1.2727391822135008,0.32519999999999727
7.278953843983146,0.3,1.308996938995747,0.1373823795883264,0.1373823795883264,1.0749823795883389,0.2812800000000037
10.0,0.3,1.308996938995747,0.1,0.1,0.9088000000000179,0.24264000000000538
0.001,0.3,1.832595714594046,1000.0,1000.0,1005.1600000001713,1.5480000000513883
0.0013738237958832624,0.3,1.832595714594046,727.8953843983153,727.8953843983153,733.0553843984866,1.5480000000513883
0.0018873918221350976,0.3,1.832595714594046,529.8316906283708,529.8316906283708,534.9916906285421,1.5480000000513883
0.002592943797404667,0.3,1.832595714594046,385.66204211634727,385.66204211634727,390.82204211651856,1.5480000000513883
0.003562247890262444,0.3,1.832595714594046,280.72162039411756,280.72162039411756,285.9064203942897,1.5554400000516353
0.004893900918477494,0.3,1.832595714594046,204.33597178569417,204.33597178569417,209.5207717856821,1.5554399999963748
0.006723357536499335,0.3,1.832595714594046,148.7352107293512,148.7352107293512,153.9200107293391,1.5554399999963748
0.009236708571873866,0.3,1.832595714594046,108.2636733874054,108.2636733874054,113.44847338739332,1.5554399999963748
0.01268961003167922,0.3,1.832595714594046,78.80462815669912,78.80462815669912,83.98942815668704,1.5554399999963748
0.017433288221999882,0.3,1.832595714594046,57.36152510448679,57.36152510448679,62.520725104474764,1.5477599999963927
0.02395026619987486,0.3,1.832595714594046,41.753189365604,41.753189365604,46.88678936559204,1.5400799999964108
0.03290344562312668,0.3,1.832595714594046,30.391953823131978,30.391953823131978,35.473553823127276,1.5244799999985894
0.04520353656360243,0.3,1.832595714594046,22.12216291070449,22.12216291070449,27.102162910715,1.4940000000031528
0.06210169418915616,0.3,1.832595714594046,16.102620275609393,16.102620275609393,20.95382027561963,1.4553600000030713
0.08531678524172806,0.3,1.832595714594046,11.721022975334805,11.721022975334805,16.36822297533511,1.394160000000092
0.11721022975334805,0.3,1.832595714594046,8.531678524172806,8.531678524172806,12.94767852417232,1.324799999999854
0.16102620275609392,0.3,1.832595714594046,6.2101694189156165,6.2101694189156165,10.346169418915162,1.2407999999998636
0.2212216291070448,0.3,1.832595714594046,4.520353656360245,4.520353656360245,8.369153656359822,1.154639999999873
0.3039195382313198,0.3,1.832595714594046,3.2903445623126677,3.2903445623126677,6.80714456231228,1.0550399999998838
0.41753189365604004,0.3,1.832595714594046,2.395026619987486,2.395026619987486,5.580626619987135,0.9556799999998947
0.5736152510448681,0.3,1.832595714594046,1.7433288221999874,1.7433288221999874,4.613728822199672,0.8611199999999054
0.7880462815669912,0.3,1.832595714594046,1.2689610031679222,1.2689610031679222,3.8281610031676405,0.7677599999999154
1.0826367338740541,0.3,1.832595714594046,0.9236708571873865,0.9236708571873865,3.1884708571871476,0.6794399999999283
1.4873521072935119,0.3,1.832595714594046,0.6723357536499335,0.6723357536499335,2.669935753649759,0.5992799999999477
2.0433597178569416,0.3,1.832595714594046,0.48939009184774945,0.48939009184774945,2.2397900918476275,0.5251199999999634
2.8072162039411754,0.3,1.832595714594046,0.35622478902624444,0.35622478902624444,1.8850247890261653,0.45863999999997623
3.856620421163472,0.3,1.832595714594046,0.2592943797404667,0.2592943797404667,1.5896943797404228,0.3991199999999868
5.298316906283707,0.3,1.832595714594046,0.18873918221350977,0.18873918221350977,1.343139182213493,0.34631999999999497
7.278953843983146,0.3,1.832595714594046,0.1373823795883264,0.1373823795883264,1.1357823795883322,0.29952000000000173
10.0,0.3,1.832595714594046,0.1,0.1,0.9608000000000194,0.2582400000000058
0.001,0.3,2.356194490192345,1000.0,1000.0,1006.6952000002223,2.008560000066677
0.0013738237958832624,0.3,2.356194490192345,727.8953843983153,727.8953843983153,734.5905843985375,2.008560000066677
0.0018873918221350976,0.3,2.356194490192345,529.8316906283708,529.8316906283708,536.5020906285922,2.00112000006643
0.002592943797404667,0.3,2.356194490192345,385.66204211634727,385.66204211634727,392.3316421165687,2.0008800000664224
0.003562247890262444,0.3,2.356194490192345,280.72162039411756,280.72162039411756,287.36642039433815,1.9934400000661752
0.004893900918477494,0.3,2.356194490192345,204.33597178569417,204.33597178569417,210.95517178567874,1.985759999995372
0.006723357536499335,0.3,2.356194490192345,148.7352107293512,148.7352107293512,155.32801072933583,1.9778399999953904
0.009236708571873866,0.3,2.356194490192345,108.2636733874054,108.2636733874054,114.80607338739016,1.9627199999954257
0.01268961003167922,0.3,2.356194490192345,78.80462815669912,78.80462815669912,85.294228156684,1.9468799999954625
0.017433288221999882,0.3,2.356194490192345,57.36152510448679,57.36152510448679,63.7503251044719,1.916639999995533
0.02395026619987486,0.3,2.356194490192345,41.753189365604,41.753189365604,48.037989365589354,1.8854399999956057
0.03290344562312668,0.3,2.356194490192345,30.391953823131978,30.391953823131978,36.52315382312483,1.8393599999978554
0.04520353656360243,0.3,2.356194490192345,22.12216291070449,22.12216291070449,28.048562910716996,1.7779200000037518
0.06210169418915616,0.3,2.356194490192345,16.102620275609393,16.102620275609393,21.79702027562141,1.708320000003605
0.08531678524172806,0.3,2.356194490192345,11.721022975334805,11.721022975334805,17.11062297533668,1.616880000000562
0.11721022975334805,0.3,2.356194490192345,8.531678524172806,8.531678524172806,13.608478524172247,1.5230399999998323
0.16102620275609392,0.3,2.356194490192345,6.2101694189156165,6.2101694189156165,10.9101694189151,1.409999999999845
0.2212216291070448,0.3,2.356194490192345,4.520353656360245,4.520353656360245,8.85155365635977,1.299359999999857
0.3039195382313198,0.3,2.356194490192345,3.2903445623126677,3.2903445623126677,7.2239445623122345,1.18007999999987
0.41753189365604004,0.3,2.356194490192345,2.395026619987486,2.395026619987486,5.944626619987095,1.0648799999998826
0.5736152510448681,0.3,2.356194490192345,1.7433288221999874,1.7433288221999874,4.922528822199638,0.9537599999998951
0.7880462815669912,0.3,2.356194490192345,1.2689610031679222,1.2689610031679222,4.094561003167612,0.8476799999999068
1.0826367338740541,0.3,2.356194490192345,0.9236708571873865,0.9236708571873865,3.421270857187122,0.7492799999999207
1.4873521072935119,0.3,2.356194490192345,0.6723357536499335,0.6723357536499335,2.8691357536497373,0.6590399999999411
2.0433597178569416,0.3,2.356194490192345,0.48939009184774945,0.48939009184774945,2.4125900918476084,0.5769599999999577
2.8072162039411754,0.3,2.356194490192345,0.35622478902624444,0.35622478902624444,2.033024789026149,0.5030399999999714
3.856620421163472,0.3,2.356194490192345,0.2592943797404667,0.2592943797404667,1.7168943797404088,0.4372799999999826
5.298316906283707,0.3,2.356194490192345,0.18873918221350977,0.18873918221350977,1.451939182213481,0.37895999999999136
7.278953843983146,0.3,2.356194490192345,0.1373823795883264,0.1373823795883264,1.2293823795883219,0.3275999999999986
10.0,0.3,2.356194490192345,0.1,0.1,1.0416000000000158,0.2824800000000047
0.001,0.3,2.879793265790644,1000.0,1000.0,1009.098400000302,2.7295200000906106
0.0013738237958832624,0.3,2.879793265790644,727.8953843983153,727.8953843983153,736.9697843986165,2.7223200000903716
0.0018873918221350976,0.3,2.879793265790644,529.8316906283708,529.8316906283708,538.8804906286712,2.7146400000901165
0.002592943797404667,0.3,2.879793265790644,385.66204211634727,385.66204211634727,394.68364211664675,2.706480000089846
0.003562247890262444,0.3,2.879793265790644,280.72162039411756,280.72162039411756,289.6928203944154,2.6913600000893436
0.004893900918477494,0.3,2.879793265790644,204.33597178569417,204.33597178569417,213.23437178567343,2.669519999993778
0.006723357536499335,0.3,2.879793265790644,148.7352107293512,148.7352107293512,157.55441072933064,2.645759999993834
0.009236708571873866,0.3,2.879793265790644,108.2636733874054,108.2636733874054,116.9788733873851,2.6145599999939066
0.01268961003167922,0.3,2.879793265790644,78.80462815669912,78.80462815669912,87.36942815667916,2.5694399999940116
0.017433288221999882,0.3,2.879793265790644,57.36152510448679,57.36152510448679,65.74632510446725,2.5154399999941375
0.02395026619987486,0.3,2.879793265790644,41.753189365604,41.753189365604,49.907589365585,2.4463199999942984
0.03290344562312668,0.3,2.879793265790644,30.391953823131978,30.391953823131978,38.26395382312077,2.3615999999966384
0.04520353656360243,0.3,2.879793265790644,22.12216291070449,22.12216291070449,29.658962910720394,2.2610400000047712
0.06210169418915616,0.3,2.879793265790644,16.102620275609393,16.102620275609393,23.25142027562448,2.1446400000045256
0.08531678524172806,0.3,2.879793265790644,11.721022975334805,11.721022975334805,18.432222975339467,2.013360000001399
0.11721022975334805,0.3,2.879793265790644,8.531678524172806,8.531678524172806,14.76447852417212,1.869839999999794
0.16102620275609392,0.3,2.879793265790644,6.2101694189156165,6.2101694189156165,11.947769418914985,1.7212799999998107
0.2212216291070448,0.3,2.879793265790644,4.520353656360245,4.520353656360245,9.74995365635967,1.5688799999998275
0.3039195382313198,0.3,2.879793265790644,3.2903445623126677,3.2903445623126677,8.016744562312148,1.417919999999844
0.41753189365604004,0.3,2.879793265790644,2.395026619987486,2.395026619987486,6.634226619987019,1.27175999999986
0.5736152510448681,0.3,2.879793265790644,1.7433288221999874,1.7433288221999874,5.519328822199572,1.1327999999998755
0.7880462815669912,0.3,2.879793265790644,1.2689610031679222,1.2689610031679222,4.611361003167555,1.0027199999998897
1.0826367338740541,0.3,2.879793265790644,0.9236708571873865,0.9236708571873865,3.867670857187073,0.883199999999906
1.4873521072935119,0.3,2.879793265790644,0.6723357536499335,0.6723357536499335,3.253135753649695,0.7742399999999284
2.0433597178569416,0.3,2.879793265790644,0.48939009184774945,0.48939009184774945,2.742990091847572,0.6760799999999467
2.8072162039411754,0.3,2.879793265790644,0.35622478902624444,0.35622478902624444,2.3178247890261177,0.5884799999999619
3.856620421163472,0.3,2.879793265790644,0.2592943797404667,0.2592943797404667,1.9616943797403819,0.5107199999999745
5.298316906283707,0.3,2.879793265790644,0.18873918221350977,0.18873918221350977,1.6623391822134579,0.44207999999998443
7.278953843983146,0.3,2.879793265790644,0.1373823795883264,0.1373823795883264,1.4109823795883019,0.3820799999999926
10.0,0.3,2.879793265790644,0.1,0.1,1.1975999999999987,0.3292799999999996
0.001,0.5,0.2617993877991494,1000.0,1000.0,1002.6752000000888,1.3376000000444037
0.0013738237958832624,0.5,0.2617993877991494,727.8953843983153,727.8953843983153,730.5713843984041,1.338000000044417
0.0018873918221350976,0.5,0.2617993877991494,529.8316906283708,529.8316906283708,532.5076906284596,1.338000000044417
0.002592943797404667,0.5,0.2617993877991494,385.66204211634727,385.66204211634727,388.3628421164369,1.3504000000448286
0.003562247890262444,0.5,0.2617993877991494,280.72162039411756,280.72162039411756,283.4224203942072,1.3504000000448286
0.004893900918477494,0.5,0.2617993877991494,204.33597178569417,204.33597178569417,207.03677178568788,1.3503999999968528
0.006723357536499335,0.5,0.2617993877991494,148.7352107293512,148.7352107293512,151.4368107293449,1.3507999999968519
0.009236708571873866,0.5,0.2617993877991494,108.2636733874054,108.2636733874054,110.99007338739905,1.363199999996823
0.01268961003167922,0.5,0.2617993877991494,78.80462815669912,78.80462815669912,81.53182815669277,1.363599999996822
0.017433288221999882,0.5,0.2617993877991494,57.36152510448679,57.36152510448679,60.113525104480374,1.3759999999967931
0.02395026619987486,0.5,0.2617993877991494,41.753189365604,41.753189365604,44.53078936559753,1.3887999999967633
0.03290344562312668,0.5,0.2617993877991494,30.391953823131978,30.391953823131978,33.19435382313259,1.4012000000003049
0.04520353656360243,0.5,0.2617993877991494,22.12216291070449,22.12216291070449,24.925362910710405,1.4016000000029578
0.06210169418915616,0.5,0.2617993877991494,16.102620275609393,16.102620275609393,18.93062027561536,1.414000000002984
0.08531678524172806,0.5,0.2617993877991494,11.721022975334805,11.721022975334805,14.524222975334496,1.4015999999998456
0.11721022975334805,0.5,0.2617993877991494,8.531678524172806,8.531678524172806,11.3076785241725,1.3879999999998471
0.16102620275609392,0.5,0.2617993877991494,6.2101694189156165,6.2101694189156165,8.90936941891532,1.3495999999998518
0.2212216291070448,0.5,0.2617993877991494,4.520353656360245,4.520353656360245,7.093153656359962,1.2863999999998583
0.3039195382313198,0.5,0.2617993877991494,3.2903445623126677,3.2903445623126677,5.731944562312399,1.2207999999998655
0.41753189365604004,0.5,0.2617993877991494,2.395026619987486,2.395026619987486,4.6590266199872366,1.1319999999998753
0.5736152510448681,0.5,0.2617993877991494,1.7433288221999874,1.7433288221999874,3.826528822199758,1.0415999999998853
0.7880462815669912,0.5,0.2617993877991494,1.2689610031679222,1.2689610031679222,3.1673610031677133,0.9491999999998956
1.0826367338740541,0.5,0.2617993877991494,0.9236708571873865,0.9236708571873865,2.6252708571872096,0.8507999999999116
1.4873521072935119,0.5,0.2617993877991494,0.6723357536499335,0.6723357536499335,2.192335753649812,0.7599999999999392
2.0433597178569416,0.5,0.2617993877991494,0.48939009184774945,0.48939009184774945,1.8381900918476717,0.6743999999999611
2.8072162039411754,0.5,0.2617993877991494,0.35622478902624444,0.35622478902624444,1.5450247890262028,0.5943999999999792
3.856620421163472,0.5,0.2617993877991494,0.2592943797404667,0.2592943797404667,1.3032943797404544,0.5219999999999938
5.298316906283707,0.5,0.2617993877991494,0.18873918221350977,0.18873918221350977,1.1015391822135197,0.4564000000000049
7.278953843983146,0.5,0.2617993877991494,0.1373823795883264,0.1373823795883264,0.9333823795883452,0.39800000000000946
10.0,0.5,0.2617993877991494,0.1,0.1,0.7920000000000146,0.3460000000000073
0.001,0.5,0.7853981633974483,1000.0,1000.0,1002.8800000000956,1.440000000047803
0.0013738237958832624,0.5,0.7853981633974483,727.8953843983153,727.8953843983153,730.7761843984109,1.4404000000478163
0.0018873918221350976,0.5,0.7853981633974483,529.8316906283708,529.8316906283708,532.7124906284664,1.4404000000478163
0.002592943797404667,0.5,0.7853981633974483,385.66204211634727,385.66204211634727,388.5668421164437,1.4524000000482147
0.003562247890262444,0.5,0.7853981633974483,280.72162039411756,280.72162039411756,283.627220394214,1.452800000048228
0.004893900918477494,0.5,0.7853981633974483,204.33597178569417,204.33597178569417,207.2415717856874,1.4527999999966141
0.006723357536499335,0.5,0.7853981633974483,148.7352107293512,148.7352107293512,151.64081072934442,1.4527999999966141
0.009236708571873866,0.5,0.7853981633974483,108.2636733874054,108.2636733874054,111.19487338739857,1.4655999999965843
0.01268961003167922,0.5,0.7853981633974483,78.80462815669912,78.80462815669912,81.73582815669229,1.4655999999965843
0.017433288221999882,0.5,0.7853981633974483,57.36152510448679,57.36152510448679,60.3175251044799,1.4779999999965554
0.02395026619987486,0.5,0.7853981633974483,41.753189365604,41.753189365604,44.70998936559711,1.4783999999965545
0.03290344562312668,0.5,0.7853981633974483,30.391953823131978,30.391953823131978,33.37355382313217,1.490800000000096
0.04520353656360243,0.5,0.7853981633974483,22.12216291070449,22.12216291070449,25.104562910710783,1.491200000003147
0.06210169418915616,0.5,0.7853981633974483,16.102620275609393,16.102620275609393,19.084220275615685,1.490800000003146
0.08531678524172806,0.5,0.7853981633974483,11.721022975334805,11.721022975334805,14.677022975334479,1.4779999999998372
0.11721022975334805,0.5,0.7853981633974483,8.531678524172806,8.531678524172806,11.435678524172486,1.45199999999984
0.16102620275609392,0.5,0.7853981633974483,6.2101694189156165,6.2101694189156165,9.012569418915309,1.4011999999998461
0.2212216291070448,0.5,0.7853981633974483,4.520353656360245,4.520353656360245,7.193953656359951,1.3367999999998528
0.3039195382313198,0.5,0.7853981633974483,3.2903445623126677,3.2903445623126677,5.80954456231239,1.2595999999998613
0.41753189365604004,0.5,0.7853981633974483,2.395026619987486,2.395026619987486,4.733426619987228,1.1691999999998712
0.5736152510448681,0.5,0.7853981633974483,1.7433288221999874,1.7433288221999874,3.880928822199752,1.0687999999998823
0.7880462815669912,0.5,0.7853981633974483,1.2689610031679222,1.2689610031679222,3.216961003167708,0.9739999999998928
1.0826367338740541,0.5,0.7853981633974483,0.9236708571873865,0.9236708571873865,2.6708708571872046,0.8735999999999091
1.4873521072935119,0.5,0.7853981633974483,0.6723357536499335,0.6723357536499335,2.2299357536498077,0.7787999999999371
2.0433597178569416,0.5,0.7853981633974483,0.48939009184774945,0.48939009184774945,1.8693900918476682,0.6899999999999594
2.8072162039411754,0.5,0.7853981633974483,0.35622478902624444,0.35622478902624444,1.5714247890261999,0.6075999999999777
3.856620421163472,0.5,0.7853981633974483,0.2592943797404667,0.2592943797404667,1.325694379740452,0.5331999999999926
5.298316906283707,0.5,0.7853981633974483,0.18873918221350977,0.18873918221350977,1.1207391822135175,0.46600000000000386
7.278953843983146,0.5,0.7853981633974483,0.1373823795883264,0.1373823795883264,0.9493823795883457,0.4060000000000097
10.0,0.5,0.7853981633974483,0.1,0.1,0.805600000000015,0.3528000000000075
0.001,0.5,1.308996938995747,1000.0,1000.0,1003.3160000001101,1.65800000005504
0.0013738237958832624,0.5,1.308996938995747,727.8953843983153,727.8953843983153,731.2113843984254,1.65800000005504
0.0018873918221350976,0.5,1.308996938995747,529.8316906283708,529.8316906283708,533.1724906284817,1.6704000000554515
0.002592943797404667,0.5,1.308996938995747,385.66204211634727,385.66204211634727,389.00284211645817,1.6704000000554515
0.003562247890262444,0.5,1.308996938995747,280.72162039411756,280.72162039411756,284.06242039422847,1.6704000000554515
0.004893900918477494,0.5,1.308996938995747,204.33597178569417,204.33597178569417,207.67677178568638,1.670399999996107
0.006723357536499335,0.5,1.308996938995747,148.7352107293512,148.7352107293512,152.0760107293434,1.670399999996107
0.009236708571873866,0.5,1.308996938995747,108.2636733874054,108.2636733874054,111.60447338739762,1.670399999996107
0.01268961003167922,0.5,1.308996938995747,78.80462815669912,78.80462815669912,82.14622815669134,1.670799999996106
0.017433288221999882,0.5,1.308996938995747,57.36152510448679,57.36152510448679,60.727125104478944,1.682799999996078
0.02395026619987486,0.5,1.308996938995747,41.753189365604,41.753189365604,45.11878936559616,1.682799999996078
0.03290344562312668,0.5,1.308996938995747,30.391953823131978,30.391953823131978,33.757553823131275,1.6827999999996486
0.04520353656360243,0.5,1.308996938995747,22.12216291070449,22.12216291070449,25.462162910711537,1.6700000000035242
0.06210169418915616,0.5,1.308996938995747,16.102620275609393,16.102620275609393,19.417020275616387,1.6572000000034972
0.08531678524172806,0.5,1.308996938995747,11.721022975334805,11.721022975334805,14.959422975334448,1.6191999999998217
0.11721022975334805,0.5,1.308996938995747,8.531678524172806,8.531678524172806,11.691678524172458,1.579999999999826
0.16102620275609392,0.5,1.308996938995747,6.2101694189156165,6.2101694189156165,9.241369418915284,1.5155999999998335
0.2212216291070448,0.5,1.308996938995747,4.520353656360245,4.520353656360245,7.396353656359929,1.4379999999998416
0.3039195382313198,0.5,1.308996938995747,3.2903445623126677,3.2903445623126677,5.965544562312373,1.3375999999998527
0.41753189365604004,0.5,1.308996938995747,2.395026619987486,2.395026619987486,4.865426619987214,1.235199999999864
0.5736152510448681,0.5,1.308996938995747,1.7433288221999874,1.7433288221999874,4.004128822199739,1.130399999999876
0.7880462815669912,0.5,1.308996938995747,1.2689610031679222,1.2689610031679222,3.316161003167697,1.0235999999998873
1.0826367338740541,0.5,1.308996938995747,0.9236708571873865,0.9236708571873865,2.7540708571871955,0.9151999999999045
1.4873521072935119,0.5,1.308996938995747,0.6723357536499335,0.6723357536499335,2.3027357536497997,0.8151999999999331
2.0433597178569416,0.5,1.308996938995747,0.48939009184774945,0.48939009184774945,1.9317900918476614,0.721199999999956
2.8072162039411754,0.5,1.308996938995747,0.35622478902624444,0.35622478902624444,1.6258247890261939,0.6347999999999747
3.856620421163472,0.5,1.308996938995747,0.2592943797404667,0.2592943797404667,1.3720943797404468,0.55639999999999
5.298316906283707,0.5,1.308996938995747,0.18873918221350977,0.18873918221350977,1.1607391822135131,0.48600000000000165
7.278953843983146,0.5,1.308996938995747,0.1373823795883264,0.1373823795883264,0.9829823795883467,0.42280000000001017
10.0,0.5,1.308996938995747,0.1,0.1,0.8344000000000158,0.3672000000000079
0.001,0.5,1.832595714594046,1000.0,1000.0,1004.0328000001339,2.0164000000669375
0.0013738237958832624,0.5,1.832595714594046,727.8953843983153,727.8953843983153,731.9281843984492,2.0164000000669375
0.0018873918221350976,0.5,1.832595714594046,529.8316906283708,529.8316906283708,533.8644906285047,2.0164000000669375
0.002592943797404667,0.5,1.832595714594046,385.66204211634727,385.66204211634727,389.69484211648114,2.0164000000669375
0.003562247890262444,0.5,1.832595714594046,280.72162039411756,280.72162039411756,284.75442039425144,2.0164000000669375
0.004893900918477494,0.5,1.832595714594046,204.33597178569417,204.33597178569417,208.36797178568477,2.0159999999953016
0.006723357536499335,0.5,1.832595714594046,148.7352107293512,148.7352107293512,152.7672107293418,2.0159999999953016
0.009236708571873866,0.5,1.832595714594046,108.2636733874054,108.2636733874054,112.29487338739601,2.0155999999953025
0.01268961003167922,0.5,1.832595714594046,78.80462815669912,78.80462815669912,82.81182815668978,2.0035999999953304
0.017433288221999882,0.5,1.832595714594046,57.36152510448679,57.36152510448679,61.36712510447745,2.0027999999953323
0.02395026619987486,0.5,1.832595714594046,41.753189365604,41.753189365604,45.733189365594725,1.9899999999953621
0.03290344562312668,0.5,1.832595714594046,30.391953823131978,30.391953823131978,34.32155382312996,1.9647999999989914
0.04520353656360243,0.5,1.832595714594046,22.12216291070449,22.12216291070449,26.000562910712674,1.9392000000040923
0.06210169418915616,0.5,1.832595714594046,16.102620275609393,16.102620275609393,19.903420275617414,1.9004000000040104
0.08531678524172806,0.5,1.832595714594046,11.721022975334805,11.721022975334805,15.417822975334397,1.8483999999997964
0.11721022975334805,0.5,1.832595714594046,8.531678524172806,8.531678524172806,12.075678524172416,1.7719999999998048
0.16102620275609392,0.5,1.832595714594046,6.2101694189156165,6.2101694189156165,9.575769418915247,1.682799999999815
0.2212216291070448,0.5,1.832595714594046,4.520353656360245,4.520353656360245,7.680353656359897,1.579999999999826
0.3039195382313198,0.5,1.832595714594046,3.2903445623126677,3.2903445623126677,6.221544562312345,1.4655999999998386
0.41753189365604004,0.5,1.832595714594046,2.395026619987486,2.395026619987486,5.091026619987189,1.3479999999998515
0.5736152510448681,0.5,1.832595714594046,1.7433288221999874,1.7433288221999874,4.189728822199719,1.2231999999998657
0.7880462815669912,0.5,1.832595714594046,1.2689610031679222,1.2689610031679222,3.4753610031676794,1.1031999999998785
1.0826367338740541,0.5,1.832595714594046,0.9236708571873865,0.9236708571873865,2.89567085718718,0.9859999999998967
1.4873521072935119,0.5,1.832595714594046,0.6723357536499335,0.6723357536499335,2.4219357536497865,0.8747999999999265
2.0433597178569416,0.5,1.832595714594046,0.48939009184774945,0.48939009184774945,2.03419009184765,0.7723999999999503
2.8072162039411754,0.5,1.832595714594046,0.35622478902624444,0.35622478902624444,1.7138247890261842,0.6787999999999699
3.856620421163472,0.5,1.832595714594046,0.2592943797404667,0.2592943797404667,1.4464943797404386,0.5935999999999859
5.298316906283707,0.5,1.832595714594046,0.18873918221350977,0.18873918221350977,1.2239391822135062,0.5175999999999982
7.278953843983146,0.5,1.832595714594046,0.1373823795883264,0.1373823795883264,1.038182379588343,0.45040000000000824
10.0,0.5,1.832595714594046,0.1,0.1,0.8808000000000171,0.3904000000000086
0.001,0.5,2.356194490192345,1000.0,1000.0,1005.0824000001687,2.541200000084359
0.0013738237958832624,0.5,2.356194490192345,727.8953843983153,727.8953843983153,732.976984398484,2.540800000084346
0.0018873918221350976,0.5,2.356194490192345,529.8316906283708,529.8316906283708,534.9124906285394,2.5404000000843325
0.002592943797404667,0.5,2.356194490192345,385.66204211634727,385.66204211634727,390.74284211651593,2.5404000000843325
0.003562247890262444,0.5,2.356194490192345,280.72162039411756,280.72162039411756,285.7776203942854,2.528000000083921
0.004893900918477494,0.5,2.356194490192345,204.33597178569417,204.33597178569417,209.3911717856824,2.5275999999941092
0.006723357536499335,0.5,2.356194490192345,148.7352107293512,148.7352107293512,153.76481072933947,2.514799999994139
0.009236708571873866,0.5,2.356194490192345,108.2636733874054,108.2636733874054,113.26767338739374,2.501999999994169
0.01268961003167922,0.5,2.356194490192345,78.80462815669912,78.80462815669912,83.78222815668752,2.4887999999941997
0.017433288221999882,0.5,2.356194490192345,57.36152510448679,57.36152510448679,62.287925104475306,2.4631999999942593
0.02395026619987486,0.5,2.356194490192345,41.753189365604,41.753189365604,46.604389365592695,2.425599999994347
0.03290344562312668,0.5,2.356194490192345,30.391953823131978,30.391953823131978,35.164753823127995,2.386399999998009
0.04520353656360243,0.5,2.356194490192345,22.12216291070449,22.12216291070449,26.79096291071434,2.3344000000049263
0.06210169418915616,0.5,2.356194490192345,16.102620275609393,16.102620275609393,20.618620275618923,2.258000000004765
0.08531678524172806,0.5,2.356194490192345,11.721022975334805,11.721022975334805,16.057822975334457,2.168399999999826
0.11721022975334805,0.5,2.356194490192345,8.531678524172806,8.531678524172806,12.661278524172351,2.0647999999997726
0.16102620275609392,0.5,2.356194490192345,6.2101694189156165,6.2101694189156165,10.08696941891519,1.938399999999787
0.2212216291070448,0.5,2.356194490192345,4.520353656360245,4.520353656360245,8.134753656359848,1.8071999999998014
0.3039195382313198,0.5,2.356194490192345,3.2903445623126677,3.2903445623126677,6.618344562312301,1.6639999999998167
0.41753189365604004,0.5,2.356194490192345,2.395026619987486,2.395026619987486,5.426226619987152,1.515599999999833
0.5736152510448681,0.5,2.356194490192345,1.7433288221999874,1.7433288221999874,4.484928822199686,1.3707999999998495
0.7880462815669912,0.5,2.356194490192345,1.2689610031679222,1.2689610031679222,3.7273610031676516,1.2291999999998646
1.0826367338740541,0.5,2.356194490192345,0.9236708571873865,0.9236708571873865,3.112470857187156,1.0943999999998848
1.4873521072935119,0.5,2.356194490192345,0.6723357536499335,0.6723357536499335,2.609135753649766,0.9683999999999162
2.0433597178569416,0.5,2.356194490192345,0.48939009184774945,0.48939009184774945,2.1949900918476324,0.8527999999999415
2.8072162039411754,0.5,2.356194490192345,0.35622478902624444,0.35622478902624444,1.851424789026169,0.7475999999999623
3.856620421163472,0.5,2.356194490192345,0.2592943797404667,0.2592943797404667,1.5648943797404256,0.6527999999999794
5.298316906283707,0.5,2.356194490192345,0.18873918221350977,0.18873918221350977,1.325539182213495,0.5683999999999926
7.278953843983146,0.5,2.356194490192345,0.1373823795883264,0.1373823795883264,1.1245823795883334,0.4936000000000035
10.0,0.5,2.356194490192345,0.1,0.1,0.9552000000000193,0.42760000000000964
0.001,0.5,2.879793265790644,1000.0,1000.0,1006.9776000002316,3.488800000115816
0.0013738237958832624,0.5,2.879793265790644,727.8953843983153,727.8953843983153,734.8697843985468,3.487200000115763
0.0018873918221350976,0.5,2.879793265790644,529.8316906283708,529.8316906283708,536.8020906286022,3.4852000001156966
0.002592943797404667,0.5,2.879793265790644,385.66204211634727,385.66204211634727,392.6092421165779,3.4736000001153116
0.003562247890262444,0.5,2.879793265790644,280.72162039411756,280.72162039411756,287.64322039434734,3.4608000001148866
0.004893900918477494,0.5,2.879793265790644,204.33597178569417,204.33597178569417,211.2303717856781,3.447199999991966
0.006723357536499335,0.5,2.879793265790644,148.7352107293512,148.7352107293512,155.58001072933524,3.422399999992024
0.009236708571873866,0.5,2.879793265790644,108.2636733874054,108.2636733874054,115.05407338738958,3.395199999992087
0.01268961003167922,0.5,2.879793265790644,78.80462815669912,78.80462815669912,85.50222815668351,3.3487999999921954
0.017433288221999882,0.5,2.879793265790644,57.36152510448679,57.36152510448679,63.95592510447142,3.2971999999923156
0.02395026619987486,0.5,2.879793265790644,41.753189365604,41.753189365604,48.21638936558894,3.2315999999924685
0.03290344562312668,0.5,2.879793265790644,30.391953823131978,30.391953823131978,36.69355382312443,3.1507999999962273
0.04520353656360243,0.5,2.879793265790644,22.12216291070449,22.12216291070449,28.205362910717326,3.0416000000064187
0.06210169418915616,0.5,2.879793265790644,16.102620275609393,16.102620275609393,21.940220275621712,2.9188000000061596
0.08531678524172806,0.5,2.879793265790644,11.721022975334805,11.721022975334805,17.261022975336996,2.7700000000010956
0.11721022975334805,0.5,2.879793265790644,8.531678524172806,8.531678524172806,13.740478524172232,2.604399999999713
0.16102620275609392,0.5,2.879793265790644,6.2101694189156165,6.2101694189156165,11.058969418915083,2.4243999999997334
0.2212216291070448,0.5,2.879793265790644,4.520353656360245,4.520353656360245,8.988353656359754,2.2339999999997544
0.3039195382313198,0.5,2.879793265790644,3.2903445623126677,3.2903445623126677,7.369544562312218,2.0395999999997754
0.41753189365604004,0.5,2.879793265790644,2.395026619987486,2.395026619987486,6.086226619987079,1.8455999999997967
0.5736152510448681,0.5,2.879793265790644,1.7433288221999874,1.7433288221999874,5.056928822199623,1.656799999999818
0.7880462815669912,0.5,2.879793265790644,1.2689610031679222,1.2689610031679222,4.2225610031675975,1.4767999999998378
1.0826367338740541,0.5,2.879793265790644,0.9236708571873865,0.9236708571873865,3.539670857187109,1.3079999999998613
1.4873521072935119,0.5,2.879793265790644,0.6723357536499335,0.6723357536499335,2.9779357536497253,1.152799999999896
2.0433597178569416,0.5,2.879793265790644,0.48939009184774945,0.48939009184774945,2.5117900918475975,1.011199999999924
2.8072162039411754,0.5,2.879793265790644,0.35622478902624444,0.35622478902624444,2.123424789026139,0.8835999999999473
3.856620421163472,0.5,2.879793265790644,0.2592943797404667,0.2592943797404667,1.7976943797404,0.7691999999999666
5.298316906283707,0.5,2.879793265790644,0.18873918221350977,0.18873918221350977,1.525539182213473,0.6683999999999816
7.278953843983146,0.5,2.879793265790644,0.1373823795883264,0.1373823795883264,1.2957823795883145,0.579199999999994
10.0,0.5,2.879793265790644,0.1,0.1,1.1016000000000092,0.5008000000000046
0.001,0.7,0.2617993877991494,1000.0,1000.0,1002.4192000000803,1.6934400000562162
0.0013738237958832624,0.7,0.2617993877991494,727.8953843983153,727.8953843983153,730.3145843983956,1.6934400000562162
0.0018873918221350976,0.7,0.2617993877991494,529.8316906283708,529.8316906283708,532.2508906284511,1.6934400000562162
0.002592943797404667,0.7,0.2617993877991494,385.66204211634727,385.66204211634727,388.0812421164276,1.6934400000562162
0.003562247890262444,0.7,0.2617993877991494,280.72162039411756,280.72162039411756,283.1408203941979,1.6934400000562162
0.004893900918477494,0.7,0.2617993877991494,204.33597178569417,204.33597178569417,206.75517178568853,1.6934399999960532
0.006723357536499335,0.7,0.2617993877991494,148.7352107293512,148.7352107293512,151.1792107293455,1.7107999999960128
0.009236708571873866,0.7,0.2617993877991494,108.2636733874054,108.2636733874054,110.70767338739971,1.7107999999960128
0.01268961003167922,0.7,0.2617993877991494,78.80462815669912,78.80462815669912,81.24862815669343,1.7107999999960128
0.017433288221999882,0.7,0.2617993877991494,57.36152510448679,57.36152510448679,59.80632510448109,1.7113599999960114
0.02395026619987486,0.7,0.2617993877991494,41.753189365604,41.753189365604,44.22198936559825,1.7281599999959723
0.03290344562312668,0.7,0.2617993877991494,30.391953823131978,30.391953823131978,32.86155382313336,1.7287200000009697
0.04520353656360243,0.7,0.2617993877991494,22.12216291070449,22.12216291070449,24.5917629107097,1.728720000003648
0.06210169418915616,0.7,0.2617993877991494,16.102620275609393,16.102620275609393,18.572220275614605,1.728720000003648
0.08531678524172806,0.7,0.2617993877991494,11.721022975334805,11.721022975334805,14.189822975334533,1.7281599999998096
0.11721022975334805,0.7,0.2617993877991494,8.531678524172806,8.531678524172806,10.974078524172537,1.7096799999998116
0.16102620275609392,0.7,0.2617993877991494,6.2101694189156165,6.2101694189156165,8.600569418915354,1.6732799999998162
0.2212216291070448,0.7,0.2617993877991494,4.520353656360245,4.520353656360245,6.810753656359993,1.6032799999998233
0.3039195382313198,0.7,0.2617993877991494,3.2903445623126677,3.2903445623126677,5.476744562312427,1.5304799999998313
0.41753189365604004,0.7,0.2617993877991494,2.395026619987486,2.395026619987486,4.451826619987259,1.4397599999998414
0.5736152510448681,0.7,0.2617993877991494,1.7433288221999874,1.7433288221999874,3.646528822199778,1.3322399999998533
0.7880462815669912,0.7,0.2617993877991494,1.2689610031679222,1.2689610031679222,3.01456100316773,1.2219199999998656
1.0826367338740541,0.7,0.2617993877991494,0.9236708571873865,0.9236708571873865,2.4996708571872235,1.1031999999998858
1.4873521072935119,0.7,0.2617993877991494,0.6723357536499335,0.6723357536499335,2.0883357536498233,0.9911999999999228
2.0433597178569416,0.7,0.2617993877991494,0.48939009184774945,0.48939009184774945,1.7517900918476812,0.8836799999999522
2.8072162039411754,0.7,0.2617993877991494,0.35622478902624444,0.35622478902624444,1.4738247890262106,0.7823199999999763
3.856620421163472,0.7,0.2617993877991494,0.2592943797404667,0.2592943797404667,1.243294379740461,0.6887999999999959
5.298316906283707,0.7,0.2617993877991494,0.18873918221350977,0.18873918221350977,1.0519391822135251,0.6042400000000107
7.278953843983146,0.7,0.2617993877991494,0.1373823795883264,0.1373823795883264,0.891782379588344,0.5280800000000123
10.0,0.7,0.2617993877991494,0.1,0.1,0.7576000000000136,0.4603200000000095
0.001,0.7,0.7853981633974483,1000.0,1000.0,1002.5736000000854,1.8015200000598042
0.0013738237958832624,0.7,0.7853981633974483,727.8953843983153,727.8953843983153,730.4689843984007,1.8015200000598042
0.0018873918221350976,0.7,0.7853981633974483,529.8316906283708,529.8316906283708,532.4052906284562,1.8015200000598042
0.002592943797404667,0.7,0.7853981633974483,385.66204211634727,385.66204211634727,388.2596421164335,1.8183200000603619
0.003562247890262444,0.7,0.7853981633974483,280.72162039411756,280.72162039411756,283.3192203942038,1.8183200000603619
0.004893900918477494,0.7,0.7853981633974483,204.33597178569417,204.33597178569417,206.93357178568812,1.8183199999957622
0.006723357536499335,0.7,0.7853981633974483,148.7352107293512,148.7352107293512,151.33281072934514,1.8183199999957622
0.009236708571873866,0.7,0.7853981633974483,108.2636733874054,108.2636733874054,110.86127338739935,1.8183199999957622
0.01268961003167922,0.7,0.7853981633974483,78.80462815669912,78.80462815669912,81.40302815669307,1.8188799999957608
0.017433288221999882,0.7,0.7853981633974483,57.36152510448679,57.36152510448679,59.95992510448073,1.8188799999957608
0.02395026619987486,0.7,0.7853981633974483,41.753189365604,41.753189365604,44.37558936559789,1.8356799999957216
0.03290344562312668,0.7,0.7853981633974483,30.391953823131978,30.391953823131978,33.01435382313301,1.8356800000007203
0.04520353656360243,0.7,0.7853981633974483,22.12216291070449,22.12216291070449,24.744562910710023,1.8356800000038738
0.06210169418915616,0.7,0.7853981633974483,16.102620275609393,16.102620275609393,18.701020275614876,1.8188800000038383
0.08531678524172806,0.7,0.7853981633974483,11.721022975334805,11.721022975334805,14.317022975334519,1.8171999999997996
0.11721022975334805,0.7,0.7853981633974483,8.531678524172806,8.531678524172806,11.077278524172526,1.7819199999998037
0.16102620275609392,0.7,0.7853981633974483,6.2101694189156165,6.2101694189156165,8.680569418915345,1.72927999999981
0.2212216291070448,0.7,0.7853981633974483,4.520353656360245,4.520353656360245,6.910753656359982,1.6732799999998156
0.3039195382313198,0.7,0.7853981633974483,3.2903445623126677,3.2903445623126677,5.5527445623124185,1.5836799999998254
0.41753189365604004,0.7,0.7853981633974483,2.395026619987486,2.395026619987486,4.507026619987253,1.4783999999998372
0.5736152510448681,0.7,0.7853981633974483,1.7433288221999874,1.7433288221999874,3.6985288221997723,1.3686399999998493
0.7880462815669912,0.7,0.7853981633974483,1.2689610031679222,1.2689610031679222,3.061761003167725,1.254959999999862
1.0826367338740541,0.7,0.7853981633974483,0.9236708571873865,0.9236708571873865,2.542070857187219,1.1328799999998826
1.4873521072935119,0.7,0.7853981633974483,0.6723357536499335,0.6723357536499335,2.1219357536498196,1.0147199999999201
2.0433597178569416,0.7,0.7853981633974483,0.48939009184774945,0.48939009184774945,1.7797900918476781,0.90327999999995
2.8072162039411754,0.7,0.7853981633974483,0.35622478902624444,0.35622478902624444,1.497824789026208,0.7991199999999744
3.856620421163472,0.7,0.7853981633974483,0.2592943797404667,0.2592943797404667,1.2648943797404586,0.7039199999999942
5.298316906283707,0.7,0.7853981633974483,0.18873918221350977,0.18873918221350977,1.070339182213523,0.6171200000000092
7.278953843983146,0.7,0.7853981633974483,0.1373823795883264,0.1373823795883264,0.9069823795883445,0.5387200000000126
10.0,0.7,0.7853981633974483,0.1,0.1,0.770400000000014,0.46928000000000974
0.001,0.7,1.308996938995747,1000.0,1000.0,1002.9304000000973,2.0512800000680955
0.0013738237958832624,0.7,1.308996938995747,727.8953843983153,727.8953843983153,730.8257843984126,2.0512800000680955
0.0018873918221350976,0.7,1.308996938995747,529.8316906283708,529.8316906283708,532.7620906284681,2.0512800000680955
0.002592943797404667,0.7,1.308996938995747,385.66204211634727,385.66204211634727,388.59244211644454,2.0512800000680955
0.003562247890262444,0.7,1.308996938995747,280.72162039411756,280.72162039411756,283.65282039421487,2.051840000068114
0.004893900918477494,0.7,1.308996938995747,204.33597178569417,204.33597178569417,207.26717178568734,2.051839999995218
0.006723357536499335,0.7,1.308996938995747,148.7352107293512,148.7352107293512,151.66641072934436,2.051839999995218
0.009236708571873866,0.7,1.308996938995747,108.2636733874054,108.2636733874054,111.19487338739857,2.051839999995218
0.01268961003167922,0.7,1.308996938995747,78.80462815669912,78.80462815669912,81.73582815669229,2.051839999995218
0.017433288221999882,0.7,1.308996938995747,57.36152510448679,57.36152510448679,60.292725104479956,2.051839999995218
0.02395026619987486,0.7,1.308996938995747,41.753189365604,41.753189365604,44.68358936559717,2.051279999995219
0.03290344562312668,0.7,1.308996938995747,30.391953823131978,30.391953823131978,33.32155382313229,2.050720000000219
0.04520353656360243,0.7,1.308996938995747,22.12216291070449,22.12216291070449,25.02696291071062,2.033360000004291
0.06210169418915616,0.7,1.308996938995747,16.102620275609393,16.102620275609393,18.98182027561547,2.015440000004253
0.08531678524172806,0.7,1.308996938995747,11.721022975334805,11.721022975334805,14.550622975334493,1.9807199999997818
0.11721022975334805,0.7,1.308996938995747,8.531678524172806,8.531678524172806,11.3076785241725,1.9431999999997858
0.16102620275609392,0.7,1.308996938995747,6.2101694189156165,6.2101694189156165,8.884569418915323,1.8720799999997944
0.2212216291070448,0.7,1.308996938995747,4.520353656360245,4.520353656360245,7.0883536563599625,1.7975999999998018
0.3039195382313198,0.7,1.308996938995747,3.2903445623126677,3.2903445623126677,5.705544562312402,1.6906399999998136
0.41753189365604004,0.7,1.308996938995747,2.395026619987486,2.395026619987486,4.651826619987237,1.579759999999826
0.5736152510448681,0.7,1.308996938995747,1.7433288221999874,1.7433288221999874,3.817728822199759,1.45207999999984
0.7880462815669912,0.7,1.308996938995747,1.2689610031679222,1.2689610031679222,3.150561003167715,1.317119999999855
1.0826367338740541,0.7,1.308996938995747,0.9236708571873865,0.9236708571873865,2.62207085718721,1.1888799999998765
1.4873521072935119,0.7,1.308996938995747,0.6723357536499335,0.6723357536499335,2.192335753649812,1.0639999999999148
2.0433597178569416,0.7,1.308996938995747,0.48939009184774945,0.48939009184774945,1.8397900918476715,0.9452799999999454
2.8072162039411754,0.7,1.308996938995747,0.35622478902624444,0.35622478902624444,1.5490247890262023,0.8349599999999705
3.856620421163472,0.7,1.308996938995747,0.2592943797404667,0.2592943797404667,1.3088943797404538,0.7347199999999908
5.298316906283707,0.7,1.308996938995747,0.18873918221350977,0.18873918221350977,1.107139182213519,0.6428800000000064
7.278953843983146,0.7,1.308996938995747,0.1373823795883264,0.1373823795883264,0.9389823795883454,0.5611200000000133
10.0,0.7,1.308996938995747,0.1,0.1,0.7976000000000147,0.4883200000000103
0.001,0.7,1.832595714594046,1000.0,1000.0,1003.494400000116,2.446080000081201
0.0013738237958832624,0.7,1.832595714594046,727.8953843983153,727.8953843983153,731.3897843984313,2.446080000081201
0.0018873918221350976,0.7,1.832595714594046,529.8316906283708,529.8316906283708,533.3252906284868,2.4455200000811828
0.002592943797404667,0.7,1.832595714594046,385.66204211634727,385.66204211634727,389.15564211646324,2.4455200000811828
0.003562247890262444,0.7,1.832595714594046,280.72162039411756,280.72162039411756,284.21522039423354,2.4455200000811828
0.004893900918477494,0.7,1.832595714594046,204.33597178569417,204.33597178569417,207.82957178568603,2.4455199999943003
0.006723357536499335,0.7,1.832595714594046,148.7352107293512,148.7352107293512,152.22801072934305,2.4449599999943015
0.009236708571873866,0.7,1.832595714594046,108.2636733874054,108.2636733874054,111.73327338739732,2.4287199999943394
0.01268961003167922,0.7,1.832595714594046,78.80462815669912,78.80462815669912,82.27262815669104,2.4275999999943423
0.017433288221999882,0.7,1.832595714594046,57.36152510448679,57.36152510448679,60.82872510447871,2.4270399999943435
0.02395026619987486,0.7,1.832595714594046,41.753189365604,41.753189365604,45.19478936559598,2.409119999994385
0.03290344562312668,0.7,1.832595714594046,30.391953823131978,30.391953823131978,33.80795382313116,2.391199999999426
0.04520353656360243,0.7,1.832595714594046,22.12216291070449,22.12216291070449,25.48776291071159,2.3559200000049714
0.06210169418915616,0.7,1.832595714594046,16.102620275609393,16.102620275609393,19.416220275616386,2.3195200000048946
0.08531678524172806,0.7,1.832595714594046,11.721022975334805,11.721022975334805,14.957022975334448,2.2651999999997505
0.11721022975334805,0.7,1.832595714594046,8.531678524172806,8.531678524172806,11.664478524172461,2.192959999999758
0.16102620275609392,0.7,1.832595714594046,6.2101694189156165,6.2101694189156165,9.213369418915287,2.1022399999997687
0.2212216291070448,0.7,1.832595714594046,4.520353656360245,4.520353656360245,7.367553656359932,1.9930399999997803
0.3039195382313198,0.7,1.832595714594046,3.2903445623126677,3.2903445623126677,5.939944562312376,1.8547199999997956
0.41753189365604004,0.7,1.832595714594046,2.395026619987486,2.395026619987486,4.855026619987215,1.7219999999998103
0.5736152510448681,0.7,1.832595714594046,1.7433288221999874,1.7433288221999874,3.99132882219974,1.5735999999998267
0.7880462815669912,0.7,1.832595714594046,1.2689610031679222,1.2689610031679222,3.304961003167698,1.425199999999843
1.0826367338740541,0.7,1.832595714594046,0.9236708571873865,0.9236708571873865,2.7540708571871955,1.2812799999998663
1.4873521072935119,0.7,1.832595714594046,0.6723357536499335,0.6723357536499335,2.3059357536497993,1.143519999999906
2.0433597178569416,0.7,1.832595714594046,0.48939009184774945,0.48939009184774945,1.9373900918476608,1.0135999999999379
2.8072162039411754,0.7,1.832595714594046,0.35622478902624444,0.35622478902624444,1.633024789026193,0.893759999999964
3.856620421163472,0.7,1.832595714594046,0.2592943797404667,0.2592943797404667,1.379294379740446,0.7839999999999854
5.298316906283707,0.7,1.832595714594046,0.18873918221350977,0.18873918221350977,1.1679391822135123,0.6854400000000017
7.278953843983146,0.7,1.832595714594046,0.1373823795883264,0.1373823795883264,0.9909823795883469,0.5975200000000144
10.0,0.7,1.832595714594046,0.1,0.1,0.842400000000016,0.5196800000000112
0.001,0.7,2.356194490192345,1000.0,1000.0,1004.3640000001449,3.054800000101409
0.0013738237958832624,0.7,2.356194490192345,727.8953843983153,727.8953843983153,732.2585843984601,3.05424000010139
0.0018873918221350976,0.7,2.356194490192345,529.8316906283708,529.8316906283708,534.1948906285156,3.05424000010139
0.002592943797404667,0.7,2.356194490192345,385.66204211634727,385.66204211634727,390.0244421164921,3.0536800001013713
0.003562247890262444,0.7,2.356194490192345,280.72162039411756,280.72162039411756,285.0608203942616,3.0374400001008324
0.004893900918477494,0.7,2.356194490192345,204.33597178569417,204.33597178569417,208.67357178568406,3.0363199999929233
0.006723357536499335,0.7,2.356194490192345,148.7352107293512,148.7352107293512,153.04961072934114,3.0200799999929613
0.009236708571873866,0.7,2.356194490192345,108.2636733874054,108.2636733874054,112.57487338739536,3.0178399999929666
0.01268961003167922,0.7,2.356194490192345,78.80462815669912,78.80462815669912,83.09022815668914,2.999919999993008
0.017433288221999882,0.7,2.356194490192345,57.36152510448679,57.36152510448679,61.62072510447686,2.9814399999930514
0.02395026619987486,0.7,2.356194490192345,41.753189365604,41.753189365604,45.96198936559419,2.9461599999931334
0.03290344562312668,0.7,2.356194490192345,30.391953823131978,30.391953823131978,34.52715382312948,2.8946399999982524
0.04520353656360243,0.7,2.356194490192345,22.12216291070449,22.12216291070449,26.179762910713052,2.8403200000059936
0.06210169418915616,0.7,2.356194490192345,16.102620275609393,16.102620275609393,20.057020275617738,2.7680800000058414
0.08531678524172806,0.7,2.356194490192345,11.721022975334805,11.721022975334805,15.546622975334383,2.677919999999705
0.11721022975334805,0.7,2.356194490192345,8.531678524172806,8.531678524172806,12.200478524172402,2.568159999999717
0.16102620275609392,0.7,2.356194490192345,6.2101694189156165,6.2101694189156165,9.694169418915234,2.438799999999732
0.2212216291070448,0.7,2.356194490192345,4.520353656360245,4.520353656360245,7.781153656359886,2.2825599999997483
0.3039195382313198,0.7,2.356194490192345,3.2903445623126677,3.2903445623126677,6.317544562312334,2.1190399999997664
0.41753189365604004,0.7,2.356194490192345,2.395026619987486,2.395026619987486,5.17342661998718,1.9448799999997857
0.5736152510448681,0.7,2.356194490192345,1.7433288221999874,1.7433288221999874,4.27212882219971,1.7701599999998054
0.7880462815669912,0.7,2.356194490192345,1.2689610031679222,1.2689610031679222,3.549761003167671,1.5965599999998241
1.0826367338740541,0.7,2.356194490192345,0.9236708571873865,0.9236708571873865,2.9644708571871723,1.42855999999985
1.4873521072935119,0.7,2.356194490192345,0.6723357536499335,0.6723357536499335,2.4867357536497794,1.270079999999892
2.0433597178569416,0.7,2.356194490192345,0.48939009184774945,0.48939009184774945,2.0925900918476437,1.122239999999926
2.8072162039411754,0.7,2.356194490192345,0.35622478902624444,0.35622478902624444,1.7658247890261785,0.9867199999999537
3.856620421163472,0.7,2.356194490192345,0.2592943797404667,0.2592943797404667,1.4936943797404334,0.8640799999999766
5.298316906283707,0.7,2.356194490192345,0.18873918221350977,0.18873918221350977,1.2655391822135016,0.7537599999999942
7.278953843983146,0.7,2.356194490192345,0.1373823795883264,0.1373823795883264,1.074182379588339,0.6557600000000087
10.0,0.7,2.356194490192345,0.1,0.1,0.9136000000000181,0.5695200000000126
0.001,0.7,2.879793265790644,1000.0,1000.0,1006.0504000002009,4.235280000140596
0.0013738237958832624,0.7,2.879793265790644,727.8953843983153,727.8953843983153,733.9433843985161,4.233600000140541
0.0018873918221350976,0.7,2.879793265790644,529.8316906283708,529.8316906283708,535.8596906285709,4.219600000140076
0.002592943797404667,0.7,2.879793265790644,385.66204211634727,385.66204211634727,391.68604211654724,4.216800000139983
0.003562247890262444,0.7,2.879793265790644,280.72162039411756,280.72162039411756,286.72242039431677,4.200560000139443
0.004893900918477494,0.7,2.879793265790644,204.33597178569417,204.33597178569417,210.31277178568024,4.183759999990249
0.006723357536499335,0.7,2.879793265790644,148.7352107293512,148.7352107293512,154.68401072933733,4.164159999990295
0.009236708571873866,0.7,2.879793265790644,108.2636733874054,108.2636733874054,114.16527338739165,4.131119999990372
0.01268961003167922,0.7,2.879793265790644,78.80462815669912,78.80462815669912,84.6526281566855,4.0935999999904595
0.017433288221999882,0.7,2.879793265790644,57.36152510448679,57.36152510448679,63.134325104473334,4.040959999990582
0.02395026619987486,0.7,2.879793265790644,41.753189365604,41.753189365604,47.43878936559075,3.979919999990724
0.03290344562312668,0.7,2.879793265790644,30.391953823131978,30.391953823131978,35.95115382312616,3.8914399999959293
0.04520353656360243,0.7,2.879793265790644,22.12216291070449,22.12216291070449,27.523762910715888,3.781120000007979
0.06210169418915616,0.7,2.879793265790644,16.102620275609393,16.102620275609393,21.30902027562038,3.644480000007691
0.08531678524172806,0.7,2.879793265790644,11.721022975334805,11.721022975334805,16.697822975335807,3.483760000000702
0.11721022975334805,0.7,2.879793265790644,8.531678524172806,8.531678524172806,13.245278524172287,3.2995199999996365
0.16102620275609392,0.7,2.879793265790644,6.2101694189156165,6.2101694189156165,10.626169418915131,3.09119999999966
0.2212216291070448,0.7,2.879793265790644,4.520353656360245,4.520353656360245,8.618753656359795,2.8688799999996846
0.3039195382313198,0.7,2.879793265790644,3.2903445623126677,3.2903445623126677,7.055144562312253,2.6353599999997095
0.41753189365604004,0.7,2.879793265790644,2.395026619987486,2.395026619987486,5.820626619987109,2.397919999999736
0.5736152510448681,0.7,2.879793265790644,1.7433288221999874,1.7433288221999874,4.833728822199648,2.1632799999997623
0.7880462815669912,0.7,2.879793265790644,1.2689610031679222,1.2689610031679222,4.036161003167618,1.9370399999997872
1.0826367338740541,0.7,2.879793265790644,0.9236708571873865,0.9236708571873865,3.384470857187126,1.7225599999998176
1.4873521072935119,0.7,2.879793265790644,0.6723357536499335,0.6723357536499335,2.8483357536497396,1.5231999999998642
2.0433597178569416,0.7,2.879793265790644,0.48939009184774945,0.48939009184774945,2.4029900918476095,1.339519999999902
2.8072162039411754,0.7,2.879793265790644,0.35622478902624444,0.35622478902624444,2.032224789026149,1.1731999999999332
3.856620421163472,0.7,2.879793265790644,0.2592943797404667,0.2592943797404667,1.7216943797404083,1.023679999999959
5.298316906283707,0.7,2.879793265790644,0.18873918221350977,0.18873918221350977,1.46153918221348,0.8909599999999791
7.278953843983146,0.7,2.879793265790644,0.1373823795883264,0.1373823795883264,1.2413823795883205,0.7727999999999958
10.0,0.7,2.879793265790644,0.1,0.1,1.0560000000000143,0.66920000000001
0.001,0.9,0.2617993877991494,1000.0,1000.0,1002.2648000000752,2.038320000067665
0.0013738237958832624,0.9,0.2617993877991494,727.8953843983153,727.8953843983153,730.1601843983905,2.038320000067665
0.0018873918221350976,0.9,0.2617993877991494,529.8316906283708,529.8316906283708,532.096490628446,2.038320000067665
0.002592943797404667,0.9,0.2617993877991494,385.66204211634727,385.66204211634727,387.92684211642245,2.038320000067665
0.003562247890262444,0.9,0.2617993877991494,280.72162039411756,280.72162039411756,282.98642039419275,2.038320000067665
0.004893900918477494,0.9,0.2617993877991494,204.33597178569417,204.33597178569417,206.6007717856889,2.0383199999952497
0.006723357536499335,0.9,0.2617993877991494,148.7352107293512,148.7352107293512,151.00001072934592,2.0383199999952497
0.009236708571873866,0.9,0.2617993877991494,108.2636733874054,108.2636733874054,110.52847338740013,2.0383199999952497
0.01268961003167922,0.9,0.2617993877991494,78.80462815669912,78.80462815669912,81.07022815669384,2.0390399999952478
0.017433288221999882,0.9,0.2617993877991494,57.36152510448679,57.36152510448679,59.62712510448151,2.0390399999952478
0.02395026619987486,0.9,0.2617993877991494,41.753189365604,41.753189365604,44.01958936559872,2.0397599999952463
0.03290344562312668,0.9,0.2617993877991494,30.391953823131978,30.391953823131978,32.68155382313378,2.0606400000016243
0.04520353656360243,0.9,0.2617993877991494,22.12216291070449,22.12216291070449,24.41176291070932,2.0606400000043488
0.06210169418915616,0.9,0.2617993877991494,16.102620275609393,16.102620275609393,18.369020275614176,2.039760000004305
0.08531678524172806,0.9,0.2617993877991494,11.721022975334805,11.721022975334805,13.985022975334555,2.0375999999997756
0.11721022975334805,0.9,0.2617993877991494,8.531678524172806,8.531678524172806,10.77007852417256,2.0145599999997783
0.16102620275609392,0.9,0.2617993877991494,6.2101694189156165,6.2101694189156165,8.398969418915376,1.9699199999997838
0.2212216291070448,0.9,0.2617993877991494,4.520353656360245,4.520353656360245,6.65475365636001,1.9209599999997884
0.3039195382313198,0.9,0.2617993877991494,3.2903445623126677,3.2903445623126677,5.324744562312444,1.8309599999997983
0.41753189365604004,0.9,0.2617993877991494,2.395026619987486,2.395026619987486,4.3238266199872735,1.735919999999809
0.5736152510448681,0.9,0.2617993877991494,1.7433288221999874,1.7433288221999874,3.5425288221997895,1.619279999999822
0.7880462815669912,0.9,0.2617993877991494,1.2689610031679222,1.2689610031679222,2.9193610031677406,1.4853599999998366
1.0826367338740541,0.9,0.2617993877991494,0.9236708571873865,0.9236708571873865,2.4276708571872314,1.3535999999998605
1.4873521072935119,0.9,0.2617993877991494,0.6723357536499335,0.6723357536499335,2.02913575364983,1.2211199999999067
2.0433597178569416,0.9,0.2617993877991494,0.48939009184774945,0.48939009184774945,1.7013900918476867,1.0907999999999436
2.8072162039411754,0.9,0.2617993877991494,0.35622478902624444,0.35622478902624444,1.433024789026215,0.9691199999999737
3.856620421163472,0.9,0.2617993877991494,0.2592943797404667,0.2592943797404667,1.2096943797404647,0.8553599999999981
5.298316906283707,0.9,0.2617993877991494,0.18873918221350977,0.18873918221350977,1.0239391822135282,0.7516800000000166
7.278953843983146,0.9,0.2617993877991494,0.1373823795883264,0.1373823795883264,0.8685823795883434,0.6580800000000153
10.0,0.9,0.2617993877991494,0.1,0.1,0.737600000000013,0.5738400000000118
0.001,0.9,0.7853981633974483,1000.0,1000.0,1002.3936000000795,2.1542400000715136
0.0013738237958832624,0.9,0.7853981633974483,727.8953843983153,727.8953843983153,730.2889843983947,2.1542400000715136
0.0018873918221350976,0.9,0.7853981633974483,529.8316906283708,529.8316906283708,532.2252906284502,2.1542400000715136
0.002592943797404667,0.9,0.7853981633974483,385.66204211634727,385.66204211634727,388.0556421164267,2.1542400000715136
0.003562247890262444,0.9,0.7853981633974483,280.72162039411756,280.72162039411756,283.115220394197,2.1542400000715136
0.004893900918477494,0.9,0.7853981633974483,204.33597178569417,204.33597178569417,206.7295717856886,2.1542399999949793
0.006723357536499335,0.9,0.7853981633974483,148.7352107293512,148.7352107293512,151.12881072934562,2.1542399999949793
0.009236708571873866,0.9,0.7853981633974483,108.2636733874054,108.2636733874054,110.65807338739982,2.154959999994978
0.01268961003167922,0.9,0.7853981633974483,78.80462815669912,78.80462815669912,81.22222815669349,2.175839999994929
0.017433288221999882,0.9,0.7853981633974483,57.36152510448679,57.36152510448679,59.77912510448115,2.175839999994929
0.02395026619987486,0.9,0.7853981633974483,41.753189365604,41.753189365604,44.17078936559837,2.175839999994929
0.03290344562312668,0.9,0.7853981633974483,30.391953823131978,30.391953823131978,32.809553823133484,2.175840000001356
0.04520353656360243,0.9,0.7853981633974483,22.12216291070449,22.12216291070449,24.516562910709542,2.154960000004548
0.06210169418915616,0.9,0.7853981633974483,16.102620275609393,16.102620275609393,18.495420275614443,2.1535200000045447
0.08531678524172806,0.9,0.7853981633974483,11.721022975334805,11.721022975334805,14.089022975334544,2.1311999999997653
0.11721022975334805,0.9,0.7853981633974483,8.531678524172806,8.531678524172806,10.872478524172548,2.106719999999768
0.16102620275609392,0.9,0.7853981633974483,6.2101694189156165,6.2101694189156165,8.498969418915365,2.059919999999774
0.2212216291070448,0.9,0.7853981633974483,4.520353656360245,4.520353656360245,6.732353656360002,1.9907999999997807
0.3039195382313198,0.9,0.7853981633974483,3.2903445623126677,3.2903445623126677,5.399944562312435,1.898639999999791
0.41753189365604004,0.9,0.7853981633974483,2.395026619987486,2.395026619987486,4.3782266199872675,1.7848799999998035
0.5736152510448681,0.9,0.7853981633974483,1.7433288221999874,1.7433288221999874,3.592928822199784,1.664639999999817
0.7880462815669912,0.9,0.7853981633974483,1.2689610031679222,1.2689610031679222,2.9657610031677355,1.527119999999832
1.0826367338740541,0.9,0.7853981633974483,0.9236708571873865,0.9236708571873865,2.466070857187227,1.3881599999998568
1.4873521072935119,0.9,0.7853981633974483,0.6723357536499335,0.6723357536499335,2.0611357536498263,1.2499199999999036
2.0433597178569416,0.9,0.7853981633974483,0.48939009184774945,0.48939009184774945,1.7285900918476838,1.115279999999941
2.8072162039411754,0.9,0.7853981633974483,0.35622478902624444,0.35622478902624444,1.4570247890262125,0.9907199999999713
3.856620421163472,0.9,0.7853981633974483,0.2592943797404667,0.2592943797404667,1.2296943797404625,0.8733599999999961
5.298316906283707,0.9,0.7853981633974483,0.18873918221350977,0.18873918221350977,1.0407391822135263,0.7668000000000149
7.278953843983146,0.9,0.7853981633974483,0.1373823795883264,0.1373823795883264,0.8829823795883438,0.6710400000000156
10.0,0.9,0.7853981633974483,0.1,0.1,0.7504000000000134,0.5853600000000121
0.001,0.9,1.308996938995747,1000.0,1000.0,1002.6992000000896,2.429280000080644
0.0013738237958832624,0.9,1.308996938995747,727.8953843983153,727.8953843983153,730.5945843984049,2.429280000080644
0.0018873918221350976,0.9,1.308996938995747,529.8316906283708,529.8316906283708,532.5308906284604,2.429280000080644
0.002592943797404667,0.9,1.308996938995747,385.66204211634727,385.66204211634727,388.36124211643687,2.429280000080644
0.003562247890262444,0.9,1.308996938995747,280.72162039411756,280.72162039411756,283.42082039420717,2.429280000080644
0.004893900918477494,0.9,1.308996938995747,204.33597178569417,204.33597178569417,207.03517178568788,2.4292799999943386
0.006723357536499335,0.9,1.308996938995747,148.7352107293512,148.7352107293512,151.4344107293449,2.4292799999943386
0.009236708571873866,0.9,1.308996938995747,108.2636733874054,108.2636733874054,110.96287338739911,2.4292799999943386
0.01268961003167922,0.9,1.308996938995747,78.80462815669912,78.80462815669912,81.50382815669283,2.4292799999943386
0.017433288221999882,0.9,1.308996938995747,57.36152510448679,57.36152510448679,60.0607251044805,2.4292799999943386
0.02395026619987486,0.9,1.308996938995747,41.753189365604,41.753189365604,44.428389365597766,2.407679999994389
0.03290344562312668,0.9,1.308996938995747,30.391953823131978,30.391953823131978,33.066353823132886,2.4069600000008173
0.04520353656360243,0.9,1.308996938995747,22.12216291070449,22.12216291070449,24.772562910710082,2.385360000005034
0.06210169418915616,0.9,1.308996938995747,16.102620275609393,16.102620275609393,18.74982027561498,2.3824800000050277
0.08531678524172806,0.9,1.308996938995747,11.721022975334805,11.721022975334805,14.318622975334518,2.337839999999743
0.11721022975334805,0.9,1.308996938995747,8.531678524172806,8.531678524172806,11.078078524172525,2.2917599999997478
0.16102620275609392,0.9,1.308996938995747,6.2101694189156165,6.2101694189156165,8.679769418915345,2.222639999999756
0.2212216291070448,0.9,1.308996938995747,4.520353656360245,4.520353656360245,6.908353656359982,2.1491999999997633
0.3039195382313198,0.9,1.308996938995747,3.2903445623126677,3.2903445623126677,5.550344562312419,2.033999999999776
0.41753189365604004,0.9,1.308996938995747,2.395026619987486,2.395026619987486,4.5046266199872536,1.898639999999791
0.5736152510448681,0.9,1.308996938995747,1.7433288221999874,1.7433288221999874,3.6969288221997725,1.7582399999998066
0.7880462815669912,0.9,1.308996938995747,1.2689610031679222,1.2689610031679222,3.059361003167725,1.6113599999998227
1.0826367338740541,0.9,1.308996938995747,0.9236708571873865,0.9236708571873865,2.5436708571872186,1.457999999999849
1.4873521072935119,0.9,1.308996938995747,0.6723357536499335,0.6723357536499335,2.127535753649819,1.309679999999897
2.0433597178569416,0.9,1.308996938995747,0.48939009184774945,0.48939009184774945,1.7861900918476774,1.1671199999999353
2.8072162039411754,0.9,1.308996938995747,0.35622478902624444,0.35622478902624444,1.505824789026207,1.0346399999999665
3.856620421163472,0.9,1.308996938995747,0.2592943797404667,0.2592943797404667,1.2720943797404578,0.911519999999992
5.298316906283707,0.9,1.308996938995747,0.18873918221350977,0.18873918221350977,1.0767391822135224,0.7992000000000113
7.278953843983146,0.9,1.308996938995747,0.1373823795883264,0.1373823795883264,0.9133823795883447,0.6984000000000165
10.0,0.9,1.308996938995747,0.1,0.1,0.7768000000000141,0.6091200000000128
0.001,0.9,1.832595714594046,1000.0,1000.0,1003.1856000001058,2.867040000095176
0.0013738237958832624,0.9,1.832595714594046,727.8953843983153,727.8953843983153,731.080984398421,2.867040000095176
0.0018873918221350976,0.9,1.832595714594046,529.8316906283708,529.8316906283708,533.0172906284765,2.867040000095176
0.002592943797404667,0.9,1.832595714594046,385.66204211634727,385.66204211634727,388.847642116453,2.867040000095176
0.003562247890262444,0.9,1.832595714594046,280.72162039411756,280.72162039411756,283.9064203942233,2.866320000095152
0.004893900918477494,0.9,1.832595714594046,204.33597178569417,204.33597178569417,207.4983717856868,2.846159999993367
0.006723357536499335,0.9,1.832595714594046,148.7352107293512,148.7352107293512,151.89681072934383,2.8454399999933684
0.009236708571873866,0.9,1.832595714594046,108.2636733874054,108.2636733874054,111.42447338739804,2.8447199999933703
0.01268961003167922,0.9,1.832595714594046,78.80462815669912,78.80462815669912,81.96462815669176,2.843999999993372
0.017433288221999882,0.9,1.832595714594046,57.36152510448679,57.36152510448679,60.49752510447948,2.822399999993422
0.02395026619987486,0.9,1.832595714594046,41.753189365604,41.753189365604,44.8867893655967,2.820239999993427
0.03290344562312668,0.9,1.832595714594046,30.391953823131978,30.391953823131978,33.499953823131875,2.7971999999999078
0.04520353656360243,0.9,1.832595714594046,22.12216291070449,22.12216291070449,25.203762910710992,2.773440000005853
0.06210169418915616,0.9,1.832595714594046,16.102620275609393,16.102620275609393,19.13382027561579,2.728080000005757
0.08531678524172806,0.9,1.832595714594046,11.721022975334805,11.721022975334805,14.677822975334479,2.661119999999707
0.11721022975334805,0.9,1.832595714594046,8.531678524172806,8.531678524172806,11.410078524172489,2.590559999999715
0.16102620275609392,0.9,1.832595714594046,6.2101694189156165,6.2101694189156165,8.983769418915312,2.496239999999726
0.2212216291070448,0.9,1.832595714594046,4.520353656360245,4.520353656360245,7.164353656359954,2.379599999999738
0.3039195382313198,0.9,1.832595714594046,3.2903445623126677,3.2903445623126677,5.779144562312394,2.239919999999753
0.41753189365604004,0.9,1.832595714594046,2.395026619987486,2.395026619987486,4.707026619987231,2.080799999999771
0.5736152510448681,0.9,1.832595714594046,1.7433288221999874,1.7433288221999874,3.872128822199753,1.9159199999997891
0.7880462815669912,0.9,1.832595714594046,1.2689610031679222,1.2689610031679222,3.204961003167709,1.7423999999998083
1.0826367338740541,0.9,1.832595714594046,0.9236708571873865,0.9236708571873865,2.6716708571872045,1.5731999999998363
1.4873521072935119,0.9,1.832595714594046,0.6723357536499335,0.6723357536499335,2.237935753649807,1.409039999999886
2.0433597178569416,0.9,1.832595714594046,0.48939009184774945,0.48939009184774945,1.880590091847667,1.252079999999926
2.8072162039411754,0.9,1.832595714594046,0.35622478902624444,0.35622478902624444,1.5866247890261982,1.1073599999999584
3.856620421163472,0.9,1.832595714594046,0.2592943797404667,0.2592943797404667,1.3408943797404502,0.9734399999999851
5.298316906283707,0.9,1.832595714594046,0.18873918221350977,0.18873918221350977,1.1359391822135159,0.8524800000000055
7.278953843983146,0.9,1.832595714594046,0.1373823795883264,0.1373823795883264,0.9637823795883461,0.7437600000000179
10.0,0.9,1.832595714594046,0.1,0.1,0.8192000000000154,0.6472800000000138
0.001,0.9,2.356194490192345,1000.0,1000.0,1003.9528000001312,3.5575200001180973
0.0013738237958832624,0.9,2.356194490192345,727.8953843983153,727.8953843983153,731.8473843984465,3.5568000001180735
0.0018873918221350976,0.9,2.356194490192345,529.8316906283708,529.8316906283708,533.783690628502,3.5568000001180735
0.002592943797404667,0.9,2.356194490192345,385.66204211634727,385.66204211634727,389.5916421164777,3.5366400001174045
0.003562247890262444,0.9,2.356194490192345,280.72162039411756,280.72162039411756,284.650420394248,3.5359200001173803
0.004893900918477494,0.9,2.356194490192345,204.33597178569417,204.33597178569417,208.26317178568502,3.534479999991763
0.006723357536499335,0.9,2.356194490192345,148.7352107293512,148.7352107293512,152.66161072934204,3.5337599999917644
0.009236708571873866,0.9,2.356194490192345,108.2636733874054,108.2636733874054,112.16607338739631,3.5121599999918147
0.01268961003167922,0.9,2.356194490192345,78.80462815669912,78.80462815669912,82.68222815669009,3.4898399999918666
0.017433288221999882,0.9,2.356194490192345,57.36152510448679,57.36152510448679,61.21352510447781,3.4667999999919203
0.02395026619987486,0.9,2.356194490192345,41.753189365604,41.753189365604,45.57798936559509,3.4423199999919776
0.03290344562312668,0.9,2.356194490192345,30.391953823131978,30.391953823131978,34.165553823130324,3.3962399999985116
0.04520353656360243,0.9,2.356194490192345,22.12216291070449,22.12216291070449,25.84216291071234,3.3480000000070653
0.06210169418915616,0.9,2.356194490192345,16.102620275609393,16.102620275609393,19.72582027561704,3.2608800000068814
0.08531678524172806,0.9,2.356194490192345,11.721022975334805,11.721022975334805,15.240222975334417,3.1672799999996513
0.11721022975334805,0.9,2.356194490192345,8.531678524172806,8.531678524172806,11.921278524172433,3.0506399999996643
0.16102620275609392,0.9,2.356194490192345,6.2101694189156165,6.2101694189156165,9.444569418915261,2.9109599999996805
0.2212216291070448,0.9,2.356194490192345,4.520353656360245,4.520353656360245,7.573153656359909,2.7475199999996973
0.3039195382313198,0.9,2.356194490192345,3.2903445623126677,3.2903445623126677,6.138344562312354,2.5631999999997177
0.41753189365604004,0.9,2.356194490192345,2.395026619987486,2.395026619987486,5.0222266199871965,2.3644799999997397
0.5736152510448681,0.9,2.356194490192345,1.7433288221999874,1.7433288221999874,4.1457288221997235,2.162159999999763
0.7880462815669912,0.9,2.356194490192345,1.2689610031679222,1.2689610031679222,3.4449610031676827,1.9583999999997843
1.0826367338740541,0.9,2.356194490192345,0.9236708571873865,0.9236708571873865,2.877270857187182,1.758239999999816
1.4873521072935119,0.9,2.356194490192345,0.6723357536499335,0.6723357536499335,2.4147357536497873,1.5681599999998685
2.0433597178569416,0.9,2.356194490192345,0.48939009184774945,0.48939009184774945,2.0325900918476503,1.3888799999999109
2.8072162039411754,0.9,2.356194490192345,0.35622478902624444,0.35622478902624444,1.716224789026184,1.2239999999999456
3.856620421163472,0.9,2.356194490192345,0.2592943797404667,0.2592943797404667,1.452894379740438,1.074239999999974
5.298316906283707,0.9,2.356194490192345,0.18873918221350977,0.18873918221350977,1.2311391822135054,0.938159999999996
7.278953843983146,0.9,2.356194490192345,0.1373823795883264,0.1373823795883264,1.0453823795883421,0.8172000000000141
10.0,0.9,2.356194490192345,0.1,0.1,0.8896000000000174,0.7106400000000157
0.001,0.9,2.879793265790644,1000.0,1000.0,1005.512800000183,4.961520000164706
0.0013738237958832624,0.9,2.879793265790644,727.8953843983153,727.8953843983153,733.4065843984982,4.960080000164658
0.0018873918221350976,0.9,2.879793265790644,529.8316906283708,529.8316906283708,535.3260906285532,4.944960000164156
0.002592943797404667,0.9,2.879793265790644,385.66204211634727,385.66204211634727,391.1508421165295,4.939920000163989
0.003562247890262444,0.9,2.879793265790644,280.72162039411756,280.72162039411756,286.2048203942996,4.934880000163822
0.004893900918477494,0.9,2.879793265790644,204.33597178569417,204.33597178569417,209.79677178568144,4.914719999988546
0.006723357536499335,0.9,2.879793265790644,148.7352107293512,148.7352107293512,154.17041072933853,4.891679999988599
0.009236708571873866,0.9,2.879793265790644,108.2636733874054,108.2636733874054,113.6700733873928,4.8657599999886605
0.01268961003167922,0.9,2.879793265790644,78.80462815669912,78.80462815669912,84.16302815668664,4.822559999988761
0.017433288221999882,0.9,2.879793265790644,57.36152510448679,57.36152510448679,62.66472510447443,4.772879999988876
0.02395026619987486,0.9,2.879793265790644,41.753189365604,41.753189365604,46.97878936559182,4.7030399999890395
0.03290344562312668,0.9,2.879793265790644,30.391953823131978,30.391953823131978,35.51595382312718,4.611599999995679
0.04520353656360243,0.9,2.879793265790644,22.12216291070449,22.12216291070449,27.11736291071503,4.495680000009488
0.06210169418915616,0.9,2.879793265790644,16.102620275609393,16.102620275609393,20.93542027561959,4.349520000009179
0.08531678524172806,0.9,2.879793265790644,11.721022975334805,11.721022975334805,16.361822975335098,4.176720000000264
0.11721022975334805,0.9,2.879793265790644,8.531678524172806,8.531678524172806,12.94527852417232,3.972239999999563
0.16102620275609392,0.9,2.879793265790644,6.2101694189156165,6.2101694189156165,10.36696941891516,3.7411199999995888
0.2212216291070448,0.9,2.879793265790644,4.520353656360245,4.520353656360245,8.39555365635982,3.487679999999617
0.3039195382313198,0.9,2.879793265790644,3.2903445623126677,3.2903445623126677,6.865544562312274,3.2176799999996457
0.41753189365604004,0.9,2.879793265790644,2.395026619987486,2.395026619987486,5.662226619987126,2.9404799999996762
0.5736152510448681,0.9,2.879793265790644,1.7433288221999874,1.7433288221999874,4.702528822199662,2.6632799999997077
0.7880462815669912,0.9,2.879793265790644,1.2689610031679222,1.2689610031679222,3.9273610031676296,2.3925599999997367
1.0826367338740541,0.9,2.879793265790644,0.9236708571873865,0.9236708571873865,3.294070857187136,2.1333599999997745
1.4873521072935119,0.9,2.879793265790644,0.6723357536499335,0.6723357536499335,2.773135753649748,1.890719999999833
2.0433597178569416,0.9,2.879793265790644,0.48939009184774945,0.48939009184774945,2.3413900918476163,1.6667999999998802
2.8072162039411754,0.9,2.879793265790644,0.35622478902624444,0.35622478902624444,1.9810247890261548,1.4623199999999192
3.856620421163472,0.9,2.879793265790644,0.2592943797404667,0.2592943797404667,1.679294379740413,1.2779999999999516
5.298316906283707,0.9,2.879793265790644,0.18873918221350977,0.18873918221350977,1.425539182213484,1.1131199999999768
7.278953843983146,0.9,2.879793265790644,0.1373823795883264,0.1373823795883264,1.2109823795883239,0.9662399999999978
10.0,0.9,2.879793265790644,0.1,0.1,1.030400000000017,0.8373600000000154
