theta,v_w,H,pilot_kappa,s_vw_fit,p_fit,q_fit,kappa_fit,lambda_fit,A0_theta_fit,A_eff_fit,rel_rmse
0.2617993877991494,0.3,0.05,1.0560000000022285,0.1297397878886659,3.2461426726972884,2.0,0.1370052160107203,1.566811524544684,0.0675060279166707,0.0013552004804935026,0.1694991891458068
0.2617993877991494,0.3,0.1,1.0639199999998827,0.1297397878886659,3.2461426726972884,2.0,0.1380327551304942,1.566811524544684,0.0675060279166707,0.0013552004804935026,0.2117875418436392
0.2617993877991494,0.3,0.2,0.9559199999998946,0.1297397878886659,3.2461426726972884,2.0,0.12402085803851982,1.566811524544684,0.0675060279166707,0.0013552004804935026,0.07804383703396744
0.2617993877991494,0.3,0.5,0.7403999999999187,0.1297397878886659,3.2461426726972884,2.0,0.09605933895275767,1.566811524544684,0.0675060279166707,0.0013552004804935026,0.10693604185845541
0.2617993877991494,0.3,1.0,0.5935199999999378,0.1297397878886659,3.2461426726972884,2.0,0.0770031589076729,1.566811524544684,0.0675060279166707,0.0013552004804935026,0.08905167927790916
0.2617993877991494,0.3,1.5,0.5246399999999559,0.1297397878886659,3.2461426726972884,2.0,0.06806668231790396,1.566811524544684,0.0675060279166707,0.0013552004804935026,0.089614224274334
0.2617993877991494,0.3,2.0,0.4617599999999703,0.1297397878886659,3.2461426726972884,2.0,0.05990864445546651,1.566811524544684,0.0675060279166707,0.0013552004804935026,0.02630722630267511
0.2617993877991494,0.5,0.05,1.4016000000029578,0.17721569422477954,3.2461426726972884,2.0,0.24838551702597517,1.566811524544684,0.0675060279166707,0.007114694229080284,0.10508687008152148
0.2617993877991494,0.5,0.1,1.4015999999998456,0.17721569422477954,3.2461426726972884,2.0,0.24838551702542364,1.566811524544684,0.0675060279166707,0.007114694229080284,0.08865183982918691
0.2617993877991494,0.5,0.2,1.2863999999998583,0.17721569422477954,3.2461426726972884,2.0,0.22797026905073128,1.566811524544684,0.0675060279166707,0.007114694229080284,0.036482753938442226
0.2617993877991494,0.5,0.5,1.0415999999998853,0.17721569422477954,3.2461426726972884,2.0,0.18458786710451003,1.566811524544684,0.0675060279166707,0.007114694229080284,0.10528985243561119
0.2617993877991494,0.5,1.0,0.8507999999999116,0.17721569422477954,3.2461426726972884,2.0,0.15077511264642676,1.566811524544684,0.0675060279166707,0.007114694229080284,0.08173770793840485
0.2617993877991494,0.5,1.5,0.7599999999999392,0.17721569422477954,3.2461426726972884,2.0,0.13468392761082168,1.566811524544684,0.0675060279166707,0.007114694229080284,0.09344619770769384
0.2617993877991494,0.5,2.0,0.6743999999999611,0.17721569422477954,3.2461426726972884,2.0,0.11951426418518443,1.566811524544684,0.0675060279166707,0.007114694229080284,0.041244215738507214
0.2617993877991494,0.7,0.05,1.728720000003648,0.2500414256406645,3.2461426726972884,2.0,0.4322516133344417,1.566811524544684,0.0675060279166707,0.021208438407236494,0.09989019066547064
0.2617993877991494,0.7,0.1,1.7281599999998096,0.2500414256406645,3.2461426726972884,2.0,0.4321115901351232,1.566811524544684,0.0675060279166707,0.021208438407236494,0.038182068911532314
0.2617993877991494,0.7,0.2,1.6032799999998233,0.2500414256406645,3.2461426726972884,2.0,0.4008864169011204,1.566811524544684,0.0675060279166707,0.021208438407236494,0.05074711105166353
0.2617993877991494,0.7,0.5,1.332239999999853,0.2500414256406645,3.2461426726972884,2.0,0.33311518889548214,1.566811524544684,0.0675060279166707,0.021208438407236494,0.11743685086560522
0.2617993877991494,0.7,1.0,1.1031999999998858,0.2500414256406645,3.2461426726972884,2.0,0.2758457007667525,1.566811524544684,0.0675060279166707,0.021208438407236494,0.10246700673128625
0.2617993877991494,0.7,1.5,0.9911999999999228,0.2500414256406645,3.2461426726972884,2.0,0.24784106109500736,1.566811524544684,0.0675060279166707,0.021208438407236494,0.09986964570753543
0.2617993877991494,0.7,2.0,0.8836799999999522,0.2500414256406645,3.2461426726972884,2.0,0.22095660701013045,1.566811524544684,0.0675060279166707,0.021208438407236494,0.06549003725928618
0.2617993877991494,0.9,0.05,2.0606400000043488,0.37230612488506104,3.2461426726972884,2.0,0.7671888931847712,1.566811524544684,0.0675060279166707,0.04795205370108566,0.07899261901033622
0.2617993877991494,0.9,0.1,2.037599999999776,0.37230612488506104,3.2461426726972884,2.0,0.758610960065717,1.566811524544684,0.0675060279166707,0.04795205370108566,0.07854273343958973
0.2617993877991494,0.9,0.2,1.9209599999997884,0.37230612488506104,3.2461426726972884,2.0,0.715185173659128,1.566811524544684,0.0675060279166707,0.04795205370108566,0.09361808210549902
0.2617993877991494,0.9,0.5,1.619279999999822,0.37230612488506104,3.2461426726972884,2.0,0.6028678619038154,1.566811524544684,0.0675060279166707,0.04795205370108566,0.13495248940237478
0.2617993877991494,0.9,1.0,1.3535999999998605,0.37230612488506104,3.2461426726972884,2.0,0.5039535706443666,1.566811524544684,0.0675060279166707,0.04795205370108566,0.0826620966339792
0.2617993877991494,0.9,1.5,1.2211199999999067,0.37230612488506104,3.2461426726972884,2.0,0.454630455219611,1.566811524544684,0.0675060279166707,0.04795205370108566,0.0700843631781251
0.2617993877991494,0.9,2.0,1.0907999999999436,0.37230612488506104,3.2461426726972884,2.0,0.4061115210246036,1.566811524544684,0.0675060279166707,0.04795205370108566,0.03967180168151675
0.7853981633974483,0.3,0.05,1.125360000002375,0.1297397878886659,3.2461426726972884,2.0,0.14600396769869717,1.6483074205151893,0.2208123085663919,0.004432862603580249,0.09392729697824521
0.7853981633974483,0.3,0.1,1.125119999999876,0.1297397878886659,3.2461426726972884,2.0,0.14597283014927967,1.6483074205151893,0.2208123085663919,0.004432862603580249,0.1407295121039361
0.7853981633974483,0.3,0.2,0.9868799999998912,0.1297397878886659,3.2461426726972884,2.0,0.12803760187155247,1.6483074205151893,0.2208123085663919,0.004432862603580249,0.047959473955059576
0.7853981633974483,0.3,0.5,0.7624799999999162,0.1297397878886659,3.2461426726972884,2.0,0.0989239934693391,1.6483074205151893,0.2208123085663919,0.004432862603580249,0.0874460546856141
0.7853981633974483,0.3,1.0,0.6079199999999362,0.1297397878886659,3.2461426726972884,2.0,0.07887141185326949,1.6483074205151893,0.2208123085663919,0.004432862603580249,0.058776892087478036
0.7853981633974483,0.3,1.5,0.5368799999999546,0.1297397878886659,3.2461426726972884,2.0,0.06965469732166105,1.6483074205151893,0.2208123085663919,0.004432862603580249,0.06769360437759284
0.7853981633974483,0.3,2.0,0.4713599999999693,0.1297397878886659,3.2461426726972884,2.0,0.06115414641919757,1.6483074205151893,0.2208123085663919,0.004432862603580249,0.02223780523339031
0.7853981633974483,0.5,0.05,1.491200000003147,0.17721569422477954,3.2461426726972884,2.0,0.2642640432285489,1.6483074205151893,0.2208123085663919,0.023272174440576734,0.11338776488905587
0.7853981633974483,0.5,0.1,1.4779999999998372,0.17721569422477954,3.2461426726972884,2.0,0.26192479606419533,1.6483074205151893,0.2208123085663919,0.023272174440576734,0.07233430739394535
0.7853981633974483,0.5,0.2,1.3367999999998528,0.17721569422477954,3.2461426726972884,2.0,0.2369019400396592,1.6483074205151893,0.2208123085663919,0.023272174440576734,0.04441990649348345
0.7853981633974483,0.5,0.5,1.0687999999998825,0.17721569422477954,3.2461426726972884,2.0,0.18940813398742354,1.6483074205151893,0.2208123085663919,0.023272174440576734,0.07202141096594669
0.7853981633974483,0.5,1.0,0.8735999999999091,0.17721569422477954,3.2461426726972884,2.0,0.1548156304747513,1.6483074205151893,0.2208123085663919,0.023272174440576734,0.048686748455922114
0.7853981633974483,0.5,1.5,0.7787999999999371,0.17721569422477954,3.2461426726972884,2.0,0.13801558266224714,1.6483074205151893,0.2208123085663919,0.023272174440576734,0.0673409102945531
0.7853981633974483,0.5,2.0,0.6899999999999594,0.17721569422477954,3.2461426726972884,2.0,0.12227882901509068,1.6483074205151893,0.2208123085663919,0.023272174440576734,0.03159384172366013
0.7853981633974483,0.7,0.05,1.8356800000038735,0.2500414256406645,3.2461426726972884,2.0,0.4589960442210236,1.6483074205151893,0.2208123085663919,0.06937283069847942,0.14634924263808435
0.7853981633974483,0.7,0.1,1.8171999999998,0.2500414256406645,3.2461426726972884,2.0,0.45437527867416555,1.6483074205151893,0.2208123085663919,0.06937283069847942,0.05328694154719196
0.7853981633974483,0.7,0.2,1.6732799999998156,0.2500414256406645,3.2461426726972884,2.0,0.41838931669596496,1.6483074205151893,0.2208123085663919,0.06937283069847942,0.05653355684665783
0.7853981633974483,0.7,0.5,1.3686399999998493,0.2500414256406645,3.2461426726972884,2.0,0.3422166967888014,1.6483074205151893,0.2208123085663919,0.06937283069847942,0.07646887874644648
0.7853981633974483,0.7,1.0,1.1328799999998826,0.2500414256406645,3.2461426726972884,2.0,0.2832669302797667,1.6483074205151893,0.2208123085663919,0.06937283069847942,0.06356482539104545
0.7853981633974483,0.7,1.5,1.01471999999992,0.2500414256406645,3.2461426726972884,2.0,0.2537220354260751,1.6483074205151893,0.2208123085663919,0.06937283069847942,0.07054823965406533
0.7853981633974483,0.7,2.0,0.90327999999995,0.2500414256406645,3.2461426726972884,2.0,0.22585741895268693,1.6483074205151893,0.2208123085663919,0.06937283069847942,0.038877186794371736
0.7853981633974483,0.9,0.05,2.154960000004548,0.37230612488506104,3.2461426726972884,2.0,0.8,1.6483074205151893,0.2208123085663919,0.15685123247521873,0.12847126159695696
0.7853981633974483,0.9,0.1,2.1311999999997653,0.37230612488506104,3.2461426726972884,2.0,0.7934588133549547,1.6483074205151893,0.2208123085663919,0.15685123247521873,0.06031821424988884
0.7853981633974483,0.9,0.2,1.9907999999997807,0.37230612488506104,3.2461426726972884,2.0,0.7411870334210979,1.6483074205151893,0.2208123085663919,0.15685123247521873,0.04846168019503697
0.7853981633974483,0.9,0.5,1.664639999999817,0.37230612488506104,3.2461426726972884,2.0,0.6197556677285998,1.6483074205151893,0.2208123085663919,0.15685123247521873,0.09051881045620429
0.7853981633974483,0.9,1.0,1.3881599999998568,0.37230612488506104,3.2461426726972884,2.0,0.516820470320393,1.6483074205151893,0.2208123085663919,0.15685123247521873,0.043061567751209236
0.7853981633974483,0.9,1.5,1.2499199999999036,0.37230612488506104,3.2461426726972884,2.0,0.46535287161629957,1.6483074205151893,0.2208123085663919,0.15685123247521873,0.04181571406563679
0.7853981633974483,0.9,2.0,1.115279999999941,0.37230612488506104,3.2461426726972884,2.0,0.4152255749617889,1.6483074205151893,0.2208123085663919,0.15685123247521873,0.017046785439921202
1.308996938995747,0.3,0.05,1.278960000002699,0.1297397878886659,3.2461426726972884,2.0,0.16593199911843828,1.8055166546366528,0.6833103890463863,0.013717627834731223,0.14107825650884367
1.308996938995747,0.3,0.1,1.232879999999864,0.1297397878886659,3.2461426726972884,2.0,0.15995358969216075,1.8055166546366528,0.6833103890463863,0.013717627834731223,0.10929259531391079
1.308996938995747,0.3,0.2,1.055279999999884,0.1297397878886659,3.2461426726972884,2.0,0.1369118033631363,1.8055166546366528,0.6833103890463863,0.013717627834731223,0.11548961515380674
1.308996938995747,0.3,0.5,0.8006399999999121,0.1297397878886659,3.2461426726972884,2.0,0.10387486377517005,1.8055166546366528,0.6833103890463863,0.013717627834731223,0.09438761420131195
1.308996938995747,0.3,1.0,0.6343199999999333,0.1297397878886659,3.2461426726972884,2.0,0.08229654225352989,1.8055166546366528,0.6833103890463863,0.013717627834731223,0.03488402584393992
1.308996938995747,0.3,1.5,0.560879999999952,0.1297397878886659,3.2461426726972884,2.0,0.0727684522309887,1.8055166546366528,0.6833103890463863,0.013717627834731223,0.040024650344400246
1.308996938995747,0.3,2.0,0.492239999999967,0.1297397878886659,3.2461426726972884,2.0,0.06386311319031261,1.8055166546366528,0.6833103890463863,0.013717627834731223,0.037660595110584935
1.308996938995747,0.5,0.05,1.6700000000035242,0.17721569422477954,3.2461426726972884,2.0,0.29595020935600636,1.8055166546366528,0.6833103890463863,0.07201644996236498,0.14160682074584327
1.308996938995747,0.5,0.1,1.6191999999998217,0.17721569422477954,3.2461426726972884,2.0,0.2869476520887314,1.8055166546366528,0.6833103890463863,0.07201644996236498,0.1214450760859118
1.308996938995747,0.5,0.2,1.4379999999998416,0.17721569422477954,3.2461426726972884,2.0,0.2548361682952049,1.8055166546366528,0.6833103890463863,0.07201644996236498,0.133312899864297
1.308996938995747,0.5,0.5,1.130399999999876,0.17721569422477954,3.2461426726972884,2.0,0.2003246207516688,1.8055166546366528,0.6833103890463863,0.07201644996236498,0.07368009147454238
1.308996938995747,0.5,1.0,0.9151999999999044,0.17721569422477954,3.2461426726972884,2.0,0.16218780335450128,1.8055166546366528,0.6833103890463863,0.07201644996236498,0.02059155255823618
1.308996938995747,0.5,1.5,0.8151999999999331,0.17721569422477954,3.2461426726972884,2.0,0.14446623393202843,1.8055166546366528,0.6833103890463863,0.07201644996236498,0.036952972510549104
1.308996938995747,0.5,2.0,0.721199999999956,0.17721569422477954,3.2461426726972884,2.0,0.1278079586749032,1.8055166546366528,0.6833103890463863,0.07201644996236498,0.0399063440833648
1.308996938995747,0.7,0.05,2.033360000004291,0.2500414256406645,3.2461426726972884,2.0,0.5084242332417744,1.8055166546366528,0.6833103890463863,0.21467632960131974,0.12218635529021532
1.308996938995747,0.7,0.1,1.9807199999997815,0.2500414256406645,3.2461426726972884,2.0,0.4952620525949224,1.8055166546366528,0.6833103890463863,0.21467632960131974,0.09769436139563578
1.308996938995747,0.7,0.2,1.7975999999998018,0.2500414256406645,3.2461426726972884,2.0,0.44947446673160896,1.8055166546366528,0.6833103890463863,0.21467632960131974,0.11452609397616409
1.308996938995747,0.7,0.5,1.45207999999984,0.2500414256406645,3.2461426726972884,2.0,0.3630801533442561,1.8055166546366528,0.6833103890463863,0.21467632960131974,0.03210829287669096
1.308996938995747,0.7,1.0,1.1888799999998765,0.2500414256406645,3.2461426726972884,2.0,0.2972692501156423,1.8055166546366528,0.6833103890463863,0.21467632960131974,0.017002924523134014
1.308996938995747,0.7,1.5,1.0639999999999148,0.2500414256406645,3.2461426726972884,2.0,0.2660440768816457,1.8055166546366528,0.6833103890463863,0.21467632960131974,0.03600964873852909
1.308996938995747,0.7,2.0,0.9452799999999454,0.2500414256406645,3.2461426726972884,2.0,0.23635915882959369,1.8055166546366528,0.6833103890463863,0.21467632960131974,0.009025124010367726
1.308996938995747,0.9,0.05,2.385360000005034,0.37230612488506104,3.2461426726972884,2.0,0.8,1.8055166546366528,0.6833103890463863,0.4853808982882018,0.09442175867706894
1.308996938995747,0.9,0.1,2.337839999999743,0.37230612488506104,3.2461426726972884,2.0,0.8,1.8055166546366528,0.6833103890463863,0.4853808982882018,0.09349988175883646
1.308996938995747,0.9,0.2,2.1491999999997637,0.37230612488506104,3.2461426726972884,2.0,0.8,1.8055166546366528,0.6833103890463863,0.4853808982882018,0.05311388894225556
1.308996938995747,0.9,0.5,1.7582399999998066,0.37230612488506104,3.2461426726972884,2.0,0.6546035210178377,1.8055166546366528,0.6833103890463863,0.4853808982882018,0.020333735175037296
1.308996938995747,0.9,1.0,1.457999999999849,0.37230612488506104,3.2461426726972884,2.0,0.5428223300823628,1.8055166546366528,0.6833103890463863,0.4853808982882018,0.016472195751052972
1.308996938995747,0.9,1.5,1.309679999999897,0.37230612488506104,3.2461426726972884,2.0,0.48760188563942836,1.8055166546366528,0.6833103890463863,0.4853808982882018,0.01436609423565763
1.308996938995747,0.9,2.0,1.167119999999935,0.37230612488506104,3.2461426726972884,2.0,0.4345259244758283,1.8055166546366528,0.6833103890463863,0.4853808982882018,0.01934612191453302
1.832595714594046,0.3,0.05,1.4940000000031528,0.1297397878886659,3.2461426726972884,2.0,0.19383124310607588,2.036864678470258,1.054589382258309,0.021171146957779583,0.07523677105724787
1.832595714594046,0.3,0.1,1.394160000000092,0.1297397878886659,3.2461426726972884,2.0,0.18087802268287437,2.036864678470258,1.054589382258309,0.021171146957779583,0.12906860997221403
1.832595714594046,0.3,0.2,1.154639999999873,0.1297397878886659,3.2461426726972884,2.0,0.1498027486877527,2.036864678470258,1.054589382258309,0.021171146957779583,0.20668505924404681
1.832595714594046,0.3,0.5,0.8611199999999054,0.1297397878886659,3.2461426726972884,2.0,0.1117215261466757,2.036864678470258,1.054589382258309,0.021171146957779583,0.12313422704355988
1.832595714594046,0.3,1.0,0.6794399999999283,0.1297397878886659,3.2461426726972884,2.0,0.08815040148306585,2.036864678470258,1.054589382258309,0.021171146957779583,0.03420176713564408
1.832595714594046,0.3,1.5,0.5992799999999477,0.1297397878886659,3.2461426726972884,2.0,0.07775046008591291,2.036864678470258,1.054589382258309,0.021171146957779583,0.024686379585049375
1.832595714594046,0.3,2.0,0.5251199999999634,0.1297397878886659,3.2461426726972884,2.0,0.06812895741609148,2.036864678470258,1.054589382258309,0.021171146957779583,0.0352022615081256
1.832595714594046,0.5,0.05,1.9392000000040923,0.17721569422477954,3.2461426726972884,2.0,0.3436566742414177,2.036864678470258,1.054589382258309,0.11114682975073456,0.0504723666806465
1.832595714594046,0.5,0.1,1.8483999999997964,0.17721569422477954,3.2461426726972884,2.0,0.3275654892050464,2.036864678470258,1.054589382258309,0.11114682975073456,0.0913495147714624
1.832595714594046,0.5,0.2,1.579999999999826,0.17721569422477954,3.2461426726972884,2.0,0.2800007968751208,2.036864678470258,1.054589382258309,0.11114682975073456,0.17446188949144598
1.832595714594046,0.5,0.5,1.2231999999998655,0.17721569422477954,3.2461426726972884,2.0,0.2167702371757265,2.036864678470258,1.054589382258309,0.11114682975073456,0.08901562884328992
1.832595714594046,0.5,1.0,0.9859999999998968,0.17721569422477954,3.2461426726972884,2.0,0.17473467450561433,2.036864678470258,1.054589382258309,0.11114682975073456,0.018724969014148954
1.832595714594046,0.5,1.5,0.8747999999999265,0.17721569422477954,3.2461426726972884,2.0,0.1550282893078241,2.036864678470258,1.054589382258309,0.11114682975073456,0.020088003388012445
1.832595714594046,0.5,2.0,0.7723999999999503,0.17721569422477954,3.2461426726972884,2.0,0.1368814022192109,2.036864678470258,1.054589382258309,0.11114682975073456,0.04366966819738084
1.832595714594046,0.7,0.05,2.355920000004972,0.2500414256406645,3.2461426726972884,2.0,0.5890775954965974,2.036864678470258,1.054589382258309,0.33132143378602746,0.13901554444470227
1.832595714594046,0.7,0.1,2.2651999999997505,0.2500414256406645,3.2461426726972884,2.0,0.5663938373611709,2.036864678470258,1.054589382258309,0.33132143378602746,0.049195899256840495
1.832595714594046,0.7,0.2,1.9930399999997803,0.2500414256406645,3.2461426726972884,2.0,0.49834256295881507,2.036864678470258,1.054589382258309,0.33132143378602746,0.11711123712464504
1.832595714594046,0.7,0.5,1.5735999999998267,0.2500414256406645,3.2461426726972884,2.0,0.3934651873881063,2.036864678470258,1.054589382258309,0.33132143378602746,0.04177981973154817
1.832595714594046,0.7,1.0,1.2812799999998663,0.2500414256406645,3.2461426726972884,2.0,0.3203730778448372,2.036864678470258,1.054589382258309,0.33132143378602746,0.009133827122449185
1.832595714594046,0.7,1.5,1.143519999999906,0.2500414256406645,3.2461426726972884,2.0,0.2859273710485892,2.036864678470258,1.054589382258309,0.33132143378602746,0.013483169788070588
1.832595714594046,0.7,2.0,1.013599999999938,0.2500414256406645,3.2461426726972884,2.0,0.25344198902936205,2.036864678470258,1.054589382258309,0.33132143378602746,0.015004400947152984
1.832595714594046,0.9,0.05,2.773440000005853,0.37230612488506104,3.2461426726972884,2.0,0.8,2.036864678470258,1.054589382258309,0.7491142384065073,0.13378969224807702
1.832595714594046,0.9,0.1,2.661119999999707,0.37230612488506104,3.2461426726972884,2.0,0.8,2.036864678470258,1.054589382258309,0.7491142384065073,0.10604839305061925
1.832595714594046,0.9,0.2,2.379599999999738,0.37230612488506104,3.2461426726972884,2.0,0.8,2.036864678470258,1.054589382258309,0.7491142384065073,0.0690252603429082
1.832595714594046,0.9,0.5,1.915919999999789,0.37230612488506104,3.2461426726972884,2.0,0.7133087507897076,2.036864678470258,1.054589382258309,0.7491142384065073,0.03194873538592067
1.832595714594046,0.9,1.0,1.5731999999998365,0.37230612488506104,3.2461426726972884,2.0,0.5857119956691171,2.036864678470258,1.054589382258309,0.7491142384065073,0.0357867420301427
1.832595714594046,0.9,1.5,1.409039999999886,0.37230612488506104,3.2461426726972884,2.0,0.5245942222080039,2.036864678470258,1.054589382258309,0.7491142384065073,0.0205401471987382
1.832595714594046,0.9,2.0,1.252079999999926,0.37230612488506104,3.2461426726972884,2.0,0.4661570528460596,2.036864678470258,1.054589382258309,0.7491142384065073,0.034265550275667696
2.356194490192345,0.3,0.05,1.7779200000037518,0.1297397878886659,3.2461426726972884,2.0,0.23066696368350362,2.3646999784040603,1.5819170157989622,0.03175738176386147,0.08716629017135416
2.356194490192345,0.3,0.1,1.616880000000562,0.1297397878886659,3.2461426726972884,2.0,0.209773668241499,2.3646999784040603,1.5819170157989622,0.03175738176386147,0.03556554311339548
2.356194490192345,0.3,0.2,1.299359999999857,0.1297397878886659,3.2461426726972884,2.0,0.16857869079099835,2.3646999784040603,1.5819170157989622,0.03175738176386147,0.1882252339182485
2.356194490192345,0.3,0.5,0.9537599999998952,0.1297397878886659,3.2461426726972884,2.0,0.12374062009668038,2.3646999784040603,1.5819170157989622,0.03175738176386147,0.11227844262214264
2.356194490192345,0.3,1.0,0.7492799999999207,0.1297397878886659,3.2461426726972884,2.0,0.09721142826920928,2.3646999784040603,1.5819170157989622,0.03175738176386147,0.0498388800498358
2.356194490192345,0.3,1.5,0.6590399999999411,0.1297397878886659,3.2461426726972884,2.0,0.08550370981013873,2.3646999784040603,1.5819170157989622,0.03175738176386147,0.014743392863775937
2.356194490192345,0.3,2.0,0.5769599999999577,0.1297397878886659,3.2461426726972884,2.0,0.07485466802023918,2.3646999784040603,1.5819170157989622,0.03175738176386147,0.022900806156562915
2.356194490192345,0.5,0.05,2.3344000000049263,0.17721569422477954,3.2461426726972884,2.0,0.41369231659919836,2.3646999784040603,1.5819170157989622,0.16672371654101395,0.08022179672562788
2.356194490192345,0.5,0.1,2.168399999999826,0.17721569422477954,3.2461426726972884,2.0,0.3842745113569811,2.3646999784040603,1.5819170157989622,0.16672371654101395,0.06668699158503816
2.356194490192345,0.5,0.2,1.8071999999998012,0.17721569422477954,3.2461426726972884,2.0,0.3202642026029863,2.3646999784040603,1.5819170157989622,0.16672371654101395,0.1168916575686201
2.356194490192345,0.5,0.5,1.3707999999998497,0.17721569422477954,3.2461426726972884,2.0,0.24292727364330116,2.3646999784040603,1.5819170157989622,0.16672371654101395,0.07597288271488847
2.356194490192345,0.5,1.0,1.0943999999998848,0.17721569422477954,3.2461426726972884,2.0,0.19394485575957832,2.3646999784040603,1.5819170157989622,0.16672371654101395,0.023323671716419067
2.356194490192345,0.5,1.5,0.9683999999999162,0.17721569422477954,3.2461426726972884,2.0,0.17161567828726165,2.3646999784040603,1.5819170157989622,0.16672371654101395,0.014529539747155826
2.356194490192345,0.5,2.0,0.8527999999999415,0.17721569422477954,3.2461426726972884,2.0,0.15112954403488163,2.3646999784040603,1.5819170157989622,0.16672371654101395,0.022412003348808284
2.356194490192345,0.7,0.05,2.8403200000059936,0.2500414256406645,3.2461426726972884,2.0,0.7101976620771908,2.3646999784040603,1.5819170157989622,0.49699250023043406,0.21504180743521484
2.356194490192345,0.7,0.1,2.677919999999705,0.2500414256406645,3.2461426726972884,2.0,0.6695909345515745,2.3646999784040603,1.5819170157989622,0.49699250023043406,0.1379368642211341
2.356194490192345,0.7,0.2,2.2825599999997483,0.2500414256406645,3.2461426726972884,2.0,0.5707345565102923,2.3646999784040603,1.5819170157989622,0.49699250023043406,0.05849155486751341
2.356194490192345,0.7,0.5,1.7701599999998054,0.2500414256406645,3.2461426726972884,2.0,0.44261333001203,2.3646999784040603,1.5819170157989622,0.49699250023043406,0.04538855708589971
2.356194490192345,0.7,1.0,1.42855999999985,0.2500414256406645,3.2461426726972884,2.0,0.35719917901319015,2.3646999784040603,1.5819170157989622,0.49699250023043406,0.009571066205318923
2.356194490192345,0.7,1.5,1.270079999999892,0.2500414256406645,3.2461426726972884,2.0,0.31757261387766816,2.3646999784040603,1.5819170157989622,0.49699250023043406,0.010803168002915774
2.356194490192345,0.7,2.0,1.122239999999926,0.2500414256406645,3.2461426726972884,2.0,0.28060648951096084,2.3646999784040603,1.5819170157989622,0.49699250023043406,0.007945950441405936
2.356194490192345,0.9,0.05,3.3480000000070653,0.37230612488506104,3.2461426726972884,2.0,0.8,2.3646999784040603,1.5819170157989622,1.1236947578353997,0.16481234255461313
2.356194490192345,0.9,0.1,3.1672799999996517,0.37230612488506104,3.2461426726972884,2.0,0.8,2.3646999784040603,1.5819170157989622,1.1236947578353997,0.14123424039798993
2.356194490192345,0.9,0.2,2.7475199999996973,0.37230612488506104,3.2461426726972884,2.0,0.8,2.3646999784040603,1.5819170157989622,1.1236947578353997,0.06393244976210607
2.356194490192345,0.9,0.5,2.162159999999763,0.37230612488506104,3.2461426726972884,2.0,0.8,2.3646999784040603,1.5819170157989622,1.1236947578353997,0.04410500423421585
2.356194490192345,0.9,1.0,1.758239999999816,0.37230612488506104,3.2461426726972884,2.0,0.6546035210178413,2.3646999784040603,1.5819170157989622,1.1236947578353997,0.027134126357764018
2.356194490192345,0.9,1.5,1.5681599999998683,0.37230612488506104,3.2461426726972884,2.0,0.5838355727997083,2.3646999784040603,1.5819170157989622,1.1236947578353997,0.0338985232266185
2.356194490192345,0.9,2.0,1.3888799999999109,0.37230612488506104,3.2461426726972884,2.0,0.5170885307303303,2.3646999784040603,1.5819170157989622,1.1236947578353997,0.023623658773715132
2.879793265790644,0.3,0.05,2.2610400000047712,0.1297397878886659,3.2461426726972884,2.0,0.29334685000840816,2.9328398102926347,2.1664480046355505,0.04349198830762854,0.24968456668897085
2.879793265790644,0.3,0.1,2.013360000001399,0.1297397878886659,3.2461426726972884,2.0,0.26121289934370584,2.9328398102926347,2.1664480046355505,0.04349198830762854,0.24831011317891824
2.879793265790644,0.3,0.2,1.5688799999998275,0.1297397878886659,3.2461426726972884,2.0,0.20354615842274776,2.9328398102926347,2.1664480046355505,0.04349198830762854,0.0804806198580802
2.879793265790644,0.3,0.5,1.1327999999998757,0.1297397878886659,3.2461426726972884,2.0,0.14696923172026458,2.9328398102926347,2.1664480046355505,0.04349198830762854,0.10991164518412985
2.879793265790644,0.3,1.0,0.883199999999906,0.1297397878886659,3.2461426726972884,2.0,0.11458618066325751,2.9328398102926347,2.1664480046355505,0.04349198830762854,0.0394021257198979
2.879793265790644,0.3,1.5,0.7742399999999284,0.1297397878886659,3.2461426726972884,2.0,0.10044973337491139,2.9328398102926347,2.1664480046355505,0.04349198830762854,0.04654001273589864
2.879793265790644,0.3,2.0,0.6760799999999467,0.1297397878886659,3.2461426726972884,2.0,0.08771447579576232,2.9328398102926347,2.1664480046355505,0.04349198830762854,0.009601490024698976
2.879793265790644,0.5,0.05,3.0416000000064187,0.17721569422477954,3.2461426726972884,2.0,0.5390192555552269,2.9328398102926347,2.1664480046355505,0.2283294631882294,0.2903158262125159
2.879793265790644,0.5,0.1,2.770000000001096,0.17721569422477954,3.2461426726972884,2.0,0.49088747300283353,2.9328398102926347,2.1664480046355505,0.2283294631882294,0.3203503144806069
2.879793265790644,0.5,0.2,2.2339999999997544,0.17721569422477954,3.2461426726972884,2.0,0.39589986089811396,2.9328398102926347,2.1664480046355505,0.2283294631882294,0.11402753264394258
2.879793265790644,0.5,0.5,1.656799999999818,0.17721569422477954,3.2461426726972884,2.0,0.2936109621915825,2.9328398102926347,2.1664480046355505,0.2283294631882294,0.06590624492392558
2.879793265790644,0.5,1.0,1.3079999999998613,0.17721569422477954,3.2461426726972884,2.0,0.23179812804598704,2.9328398102926347,2.1664480046355505,0.2283294631882294,0.011326157557963776
2.879793265790644,0.5,1.5,1.152799999999896,0.17721569422477954,3.2461426726972884,2.0,0.2042942523023074,2.9328398102926347,2.1664480046355505,0.2283294631882294,0.020266225164346157
2.879793265790644,0.5,2.0,1.011199999999924,0.17721569422477954,3.2461426726972884,2.0,0.17920051000008358,2.9328398102926347,2.1664480046355505,0.2283294631882294,0.020463061810768755
2.879793265790644,0.7,0.05,3.781120000007979,0.2500414256406645,3.2461426726972884,2.0,0.8,2.9328398102926347,2.1664480046355505,0.6806352038000271,0.31104178170642816
2.879793265790644,0.7,0.1,3.483760000000702,0.2500414256406645,3.2461426726972884,2.0,0.8,2.9328398102926347,2.1664480046355505,0.6806352038000271,0.3870740341179587
2.879793265790644,0.7,0.2,2.868879999999685,0.2500414256406645,3.2461426726972884,2.0,0.7173388451919108,2.9328398102926347,2.1664480046355505,0.6806352038000271,0.21316534525760727
2.879793265790644,0.7,0.5,2.1632799999997623,0.2500414256406645,3.2461426726972884,2.0,0.5409096152598772,2.9328398102926347,2.1664480046355505,0.6806352038000271,0.03317238869169015
2.879793265790644,0.7,1.0,1.7225599999998176,0.2500414256406645,3.2461426726972884,2.0,0.43071135815153744,2.9328398102926347,2.1664480046355505,0.6806352038000271,0.014260672938364829
2.879793265790644,0.7,1.5,1.5231999999998642,0.2500414256406645,3.2461426726972884,2.0,0.3808630995358262,2.9328398102926347,2.1664480046355505,0.6806352038000271,0.00783554332938343
2.879793265790644,0.7,2.0,1.339519999999902,0.2500414256406645,3.2461426726972884,2.0,0.3349354904741584,2.9328398102926347,2.1664480046355505,0.6806352038000271,0.012321354621309514
2.879793265790644,0.9,0.05,4.495680000009488,0.37230612488506104,3.2461426726972884,2.0,0.8,2.9328398102926347,2.1664480046355505,1.5389089576878974,0.1959157627852751
2.879793265790644,0.9,0.1,4.176720000000264,0.37230612488506104,3.2461426726972884,2.0,0.8,2.9328398102926347,2.1664480046355505,1.5389089576878974,0.26327146592362116
2.879793265790644,0.9,0.2,3.487679999999617,0.37230612488506104,3.2461426726972884,2.0,0.8,2.9328398102926347,2.1664480046355505,1.5389089576878974,0.12017832265407213
2.879793265790644,0.9,0.5,2.663279999999708,0.37230612488506104,3.2461426726972884,2.0,0.8,2.9328398102926347,2.1664480046355505,1.5389089576878974,0.021645111913006745
2.879793265790644,0.9,1.0,2.1333599999997745,0.37230612488506104,3.2461426726972884,2.0,0.7942629945847098,2.9328398102926347,2.1664480046355505,1.5389089576878974,0.04158369543252383
2.879793265790644,0.9,1.5,1.890719999999833,0.37230612488506104,3.2461426726972884,2.0,0.7039266364426204,2.9328398102926347,2.1664480046355505,1.5389089576878974,0.026212381908855536
2.879793265790644,0.9,2.0,1.6667999999998802,0.37230612488506104,3.2461426726972884,2.0,0.6205598489583751,2.9328398102926347,2.1664480046355505,1.5389089576878974,0.02620221490394561
